visit,day_obs,seq_num,rotator_angle,science_program,band,alt,az,mjd
2025041700666,20250417,666,0.012974568387693227,BLOCK-T379_0,i,1.25704531192307,4.83162004491157,60783.281085048206
2025041700669,20250417,669,-0.07850724229919244,BLOCK-T379_0,i,1.25059712959006,4.82553957628479,60783.282279159306
2025041700672,20250417,672,-0.11845976915932836,BLOCK-T379_0,i,1.24415960555306,4.8196349038327,60783.283468539696
2025041700675,20250417,675,-0.20139037182192646,BLOCK-T379_0,i,1.2378156606136,4.81397281089095,60783.2846419984
2025041700678,20250417,678,-0.23171424752738573,BLOCK-T379_0,i,1.23123424147668,4.80825264239672,60783.2858574039
2025041700681,20250417,681,0.01855974622466244,BLOCK-T379_0,i,1.25707327762735,4.83164725850053,60783.28735799091
2025041700684,20250417,684,-0.0785703981216535,BLOCK-T379_0,i,1.2504435076239,4.82539730979549,60783.28858350575
2025041700687,20250417,687,-0.1167330396165081,BLOCK-T379_0,i,1.24396901378415,4.81946529913655,60783.28978227505
2025041700690,20250417,690,-0.20160640228068039,BLOCK-T379_0,i,1.23733120366497,4.81354824221145,60783.29100740925
2025041700693,20250417,693,-0.23425411442632582,BLOCK-T379_0,i,1.23074730925749,4.80783613382149,60783.2922203739
2025041700696,20250417,696,0.02381731433082071,BLOCK-T379_0,i,1.25709065235786,4.831663050129,60783.2937260029
2025041700699,20250417,699,-0.07864181956558396,BLOCK-T379_0,i,1.25064814744319,4.82559010926978,60783.2949180582
2025041700702,20250417,702,-0.10816321178172277,BLOCK-T379_0,i,1.24411421871302,4.81959630451233,60783.2961270769
2025041700705,20250417,705,-0.20266273724985528,BLOCK-T379_0,i,1.23764860333123,4.81382761015174,60783.297319419304
2025041700708,20250417,708,-0.22201142169365437,BLOCK-T379_0,i,1.23114456979459,4.80817561308215,60783.2985221322
2025041700711,20250417,711,0.02813974887838806,BLOCK-T379_0,i,1.2570736256899,4.83164735303025,60783.3000657674
2025041700714,20250417,714,-0.07869911793946613,BLOCK-T379_0,i,1.25056024511757,4.82550503601272,60783.301271006305
2025041700717,20250417,717,-0.10495471936635552,BLOCK-T379_0,i,1.24393855216937,4.81943710443234,60783.30249530295
2025041700720,20250417,720,-0.20430860193748313,BLOCK-T379_0,i,1.23746252455489,4.81366421589657,60783.3036917594
2025041700723,20250417,723,-0.21937892959966535,BLOCK-T379_0,i,1.23096140337558,4.80801903732611,60783.30489121325
2025041700726,20250417,726,0.031788905548596307,BLOCK-T379_0,i,1.25703364697916,4.83160910431009,60783.306430899305
2025041700729,20250417,729,-0.07809050163326382,BLOCK-T379_0,i,1.2505613526565,4.8255056530382,60783.30763053315
2025041700732,20250417,732,-0.10033019304684211,BLOCK-T379_0,i,1.24399507761145,4.81948866252138,60783.308843794744
2025041700735,20250417,735,-0.20339869726041976,BLOCK-T379_0,i,1.23758604381981,4.81377236077847,60783.3100257706
2025041700765,20250417,765,0.34342171850761255,BLOCK-T378_0,i,1.0375498519841,4.18081696131105,60783.354583346896
2025041700768,20250417,768,0.22574050994362227,BLOCK-T378_0,i,1.03170475054811,4.18263788283438,60783.3558293988
2025041700771,20250417,771,0.7126925106944996,BLOCK-T378_0,i,1.02591244250908,4.18434745389297,60783.3570609081
2025041700774,20250417,774,0.5998359490869521,BLOCK-T378_0,i,1.02018071346953,4.18595193081799,60783.35828063145
2025041700777,20250417,777,1.071367844599553,BLOCK-T378_0,i,1.01457385932882,4.18743751101076,60783.35947253055
2025041700780,20250417,780,0.3490270398761277,BLOCK-T378_0,i,1.03754228534056,4.18081939020336,60783.36104878765
2025041700783,20250417,783,0.2257477664208433,BLOCK-T378_0,i,1.03181197634821,4.1826039021094,60783.3622693497
2025041700786,20250417,786,0.7060460659513778,BLOCK-T378_0,i,1.02617753845779,4.18427132424237,60783.3634676349
2025041700789,20250417,789,0.5937213711281264,BLOCK-T378_0,i,1.02054954452677,4.18585074210585,60783.364667452144
2025041700792,20250417,792,1.0641815240238697,BLOCK-T378_0,i,1.01488099816822,4.18735709016293,60783.36586939715
2025041700795,20250417,795,0.35330411568626713,BLOCK-T378_0,i,1.03755086117158,4.18081544606048,60783.3674108109
2025041700798,20250417,798,0.22554511380443096,BLOCK-T378_0,i,1.03174788047629,4.18262408591414,60783.3686460143
2025041700801,20250417,801,0.7165950040797168,BLOCK-T378_0,i,1.02618517140775,4.18426934076261,60783.36982871175
2025041700804,20250417,804,0.591733692914833,BLOCK-T378_0,i,1.02052995204029,4.18585627914783,60783.371031696995
2025041700807,20250417,807,1.0683995147851078,BLOCK-T378_0,i,1.01496994209574,4.18733410006643,60783.372211419846
2025041700810,20250417,810,0.35878717922971093,BLOCK-T378_0,i,1.03753639815195,4.18082211655983,60783.3737587498
2025041700813,20250417,813,0.2261148005922691,BLOCK-T378_0,i,1.03172457367567,4.18263038636262,60783.37499524235
2025041700816,20250417,816,0.7228635200433362,BLOCK-T378_0,i,1.02618091689941,4.1842706427239,60783.376174070945
2025041700819,20250417,819,0.5858431526754203,BLOCK-T378_0,i,1.0206192392744,4.1858314970463,60783.377357534395
2025041700822,20250417,822,1.0724838802677474,BLOCK-T378_0,i,1.01485913976587,4.18736281963029,60783.3785805894
2025041700825,20250417,825,0.3630173655013694,BLOCK-T378_0,i,1.03753592218634,4.18082171439096,60783.38015064
2025041800687,20250418,687,0.3251395846111201,BLOCK-T378_1,i,1.04458294691301,4.20689747112015,60784.3455141178
2025041800690,20250418,690,0.20998408788847348,BLOCK-T378_1,i,1.03865089619081,4.20854954365838,60784.3467584162
2025041800693,20250418,693,0.6888614655976208,BLOCK-T378_1,i,1.03294429627038,4.21005072555941,60784.3479549265
2025041800696,20250418,696,0.5642429936683789,BLOCK-T378_1,i,1.02715550044019,4.21148768314636,60784.34916825955
2025041800699,20250418,699,1.034575365964554,BLOCK-T378_1,i,1.02152054354962,4.2128081715123,60784.35034793995
2025041800702,20250418,702,0.3305457545318469,BLOCK-T378_1,i,1.04457588888038,4.20689939392258,60784.35186369535
2025041800705,20250418,705,0.2098770185378732,BLOCK-T378_1,i,1.03883488543746,4.20849907097176,60784.35306856615
2025041800708,20250418,708,0.6831189699240231,BLOCK-T378_1,i,1.03307628585783,4.21001637097438,60784.354274946
2025041800711,20250418,711,0.5703366018355036,BLOCK-T378_1,i,1.0272605900283,4.21146257423125,60784.35549368815
2025041800714,20250418,714,1.028878792982884,BLOCK-T378_1,i,1.02162210199739,4.21278447574461,60784.35667542715
2025041800717,20250418,717,0.3367452511718216,BLOCK-T378_1,i,1.04455350750689,4.20690548114604,60784.35822595175
2025041800720,20250418,720,0.21013025149869774,BLOCK-T378_1,i,1.03876716409093,4.20851750717782,60784.359443074
2025041800723,20250418,723,0.6890690534959668,BLOCK-T378_1,i,1.03301552728615,4.21003173450833,60784.360649017195
2025041800726,20250418,726,0.5707335436947,BLOCK-T378_1,i,1.02720353431952,4.21147573168195,60784.36186564775
2025041800729,20250418,729,1.0351430822789602,BLOCK-T378_1,i,1.02140440484545,4.212833933515,60784.3630805507
2025041800732,20250418,732,0.33975481278505837,BLOCK-T378_1,i,1.04458081836596,4.2068979245044,60784.364627249655
2025041800735,20250418,735,0.20935337276909627,BLOCK-T378_1,i,1.03887471985323,4.20848869574359,60784.365826010006
2025041800738,20250418,738,0.686728582028466,BLOCK-T378_1,i,1.03328228819103,4.20996270765905,60784.3669982493
2025041800741,20250418,741,0.5607465047805079,BLOCK-T378_1,i,1.02756542813634,4.21138856030953,60784.368194898
2025041800744,20250418,744,1.0300524914593976,BLOCK-T378_1,i,1.02185192957728,4.21273225417458,60784.36939044215
2025041800747,20250418,747,0.3447388684253367,BLOCK-T378_1,i,1.0445702861722,4.20690094019272,60784.370909073
2025041800750,20250418,750,0.21086468579250073,BLOCK-T378_1,i,1.03865394365441,4.20854831955756,60784.372151161355
2025041800753,20250418,753,0.7047836987270432,BLOCK-T378_1,i,1.03302444665463,4.21002976244973,60784.37333251135
2025041800756,20250418,756,0.563055232722029,BLOCK-T378_1,i,1.02719372226155,4.21147856728459,60784.3745533338
2025042000510,20250420,510,0.20463236407310237,BLOCK-T379_1,i,1.18387946191333,4.53734737561527,60786.30653650935
2025042000513,20250420,513,0.09920416243853854,BLOCK-T379_1,i,1.17742153438286,4.53630818754395,60786.307744087695
2025042000516,20250420,516,0.37572156888882374,BLOCK-T379_1,i,1.17088098503006,4.53522128796481,60786.308964312
2025042000519,20250420,519,0.27260787134639436,BLOCK-T379_1,i,1.1642807917092,4.53409022154977,60786.31019575995
2025042000522,20250420,522,0.5462386129052923,BLOCK-T379_1,i,1.15787450164601,4.53296085106838,60786.31139119575
2025042000525,20250420,525,0.2095067129841955,BLOCK-T379_1,i,1.18387694407,4.53734708804347,60786.31294913205
2025042000528,20250420,528,0.09991423877984049,BLOCK-T379_1,i,1.17737352063557,4.53629975787701,60786.3141634761
2025042000531,20250420,531,0.37989748565139914,BLOCK-T379_1,i,1.17109967156067,4.53525816272794,60786.3153360401
2025042000534,20250420,534,0.2664765639407024,BLOCK-T379_1,i,1.16463603124226,4.53415185662558,60786.31653903375
2025042000537,20250420,537,0.5472685035491544,BLOCK-T379_1,i,1.15820118236476,4.53301810915332,60786.31774361135
2025042000540,20250420,540,0.2134190303529033,BLOCK-T379_1,i,1.1839018150281,4.53735057839743,60786.3192910742
2025042000543,20250420,543,0.09944618178317939,BLOCK-T379_1,i,1.17752099203439,4.5363246789596,60786.32048057621
2025042000546,20250420,546,0.3834158688997531,BLOCK-T379_1,i,1.17109644004595,4.53525767543352,60786.32168116105
2025042000549,20250420,549,0.2706685742047691,BLOCK-T379_1,i,1.16458826208072,4.53414382162473,60786.32289255625
2025042000552,20250420,552,0.5501080059973497,BLOCK-T379_1,i,1.15817037615051,4.53301481186714,60786.324090782044
2025042000555,20250420,555,0.218217311208958,BLOCK-T379_1,i,1.18388941429528,4.53734851413445,60786.325654712404
2025042000558,20250420,558,0.10021533806068351,BLOCK-T379_1,i,1.17745992026183,4.53631445327929,60786.326853871156
2025042000561,20250420,561,0.3879156431345186,BLOCK-T379_1,i,1.17112187567068,4.53526177854769,60786.328037812345
2025042000564,20250420,564,0.2665946182449243,BLOCK-T379_1,i,1.16458094819579,4.53414216567159,60786.329258519254
2025042000567,20250420,567,0.5595877506386747,BLOCK-T379_1,i,1.15812922133187,4.53300649011672,60786.33046187035
2025042000570,20250420,570,0.22288187775148702,BLOCK-T379_1,i,1.18387055182591,4.53734554211376,60786.33203269085
2025042000573,20250420,573,0.10562590284879977,BLOCK-T379_1,i,1.17725178402535,4.53628044691131,60786.33326805575
2025042000576,20250420,576,0.4013123873042986,BLOCK-T379_1,i,1.1704324973775,4.53514551500396,60786.33454031165
2025042000579,20250420,579,0.27851136410523564,BLOCK-T379_1,i,1.16386958142701,4.53401865558561,60786.33576427265
2025042000585,20250420,585,0.22771811144210907,BLOCK-T380,i,1.1838898287566,4.53734891722831,60786.3404368639
2025042000588,20250420,588,0.0989721142329428,BLOCK-T380,i,1.17728705761187,4.53628542723254,60786.341671164744
2025042000591,20250420,591,0.40209049669536273,BLOCK-T380,i,1.17096690781339,4.53523602296216,60786.34284761765
2025042000594,20250420,594,0.2669281448672359,BLOCK-T380,i,1.16450947268662,4.53413014873139,60786.3440538347
2025042000597,20250420,597,0.5686826064040434,BLOCK-T380,i,1.15814552564766,4.53300965314963,60786.34524158005
2025042000600,20250420,600,0.23058622713840435,BLOCK-T380,i,1.18391807561674,4.5373531934971,60786.346935017296
2025042000603,20250420,603,0.09965512680990575,BLOCK-T380,i,1.17740580526145,4.53630559695675,60786.34815197455
2025042000606,20250420,606,0.40377795036160885,BLOCK-T380,i,1.17088076519379,4.53522122904752,60786.349368726806
2025042000609,20250420,609,0.2726541511554944,BLOCK-T380,i,1.16445083347329,4.5341197820402,60786.350569447444
2025042000612,20250420,612,0.5688720582244398,BLOCK-T380,i,1.15802493120716,4.53298790414439,60786.3517676272
2025042000615,20250420,615,0.23447557574643602,BLOCK-T380,i,1.18391156881399,4.53735125662701,60786.35349328535
2025042000618,20250420,618,0.0990740561853425,BLOCK-T380,i,1.17744865523431,4.53631271389641,60786.354697388946
2025042000621,20250420,621,0.4057033925658003,BLOCK-T380,i,1.17105526657286,4.53525005382999,60786.355892223146
2025042000624,20250420,624,0.26795670755676065,BLOCK-T380,i,1.16453412745623,4.53413435909402,60786.35710808115
2025042000627,20250420,627,0.5899293253928016,BLOCK-T380,i,1.1575543652698,4.5329037769811,60786.35841147355
2025042000630,20250420,630,0.23915384228080339,BLOCK-T380,i,1.1838570870966,4.53734365581025,60786.35998168815
2025042000633,20250420,633,0.10181718345096798,BLOCK-T380,i,1.17728478809441,4.53628609803643,60786.36120884045
2025042000636,20250420,636,0.40941684853849797,BLOCK-T380,i,1.17084210739384,4.53521420694592,60786.362412621806
2025042000639,20250420,639,0.27577028528584346,BLOCK-T380,i,1.1643653415432,4.53410499239083,60786.363621158205
2025042000642,20250420,642,0.5761345729185499,BLOCK-T380,i,1.15791816756652,4.53296883938248,60786.3648234069
2025042000645,20250420,645,0.2475914464975326,BLOCK-T380,i,1.18365756159897,4.53731158065959,60786.3664156133
2025042000648,20250420,648,0.09954715696391654,BLOCK-T380,i,1.17724696526596,4.53627978682198,60786.3676097485
2025042000651,20250420,651,0.4160334391477089,BLOCK-T380,i,1.1708532019455,4.53521661520561,60786.368802079596
2025042000654,20250420,654,0.27065921823694683,BLOCK-T380,i,1.16443607673837,4.53411717331273,60786.3700018369
2025042100296,20250421,296,-0.39347440937209505,BLOCK-T377,i,1.26510599754853,5.54343257136194,60787.25065698495
2025042100299,20250421,299,-0.5058507427959004,BLOCK-T377,i,1.26066996844878,5.52463479089139,60787.25185449145
2025042100302,20250421,302,-1.2880429209256057,BLOCK-T377,i,1.25611697906392,5.5062187706764,60787.25305992485
2025042100305,20250421,305,-1.3589481170302435,BLOCK-T377,i,1.251562835504,5.48858946058602,60787.25424023585
2025042100308,20250421,308,-2.118932957803254,BLOCK-T377,i,1.24682514472487,5.47102282295745,60787.25545116805
2025042100311,20250421,311,-0.38864096510777724,BLOCK-T377,i,1.26510606551723,5.54343066509389,60787.256981682105
2025042100314,20250421,314,-0.5195066361376598,BLOCK-T377,i,1.26054654905907,5.52413049513873,60787.2582113613
2025042100317,20250421,317,-1.296820980795672,BLOCK-T377,i,1.25596978780512,5.50560572943506,60787.2594224873
2025042100320,20250421,320,-1.371949845069385,BLOCK-T377,i,1.25127939248447,5.4875246173172,60787.260638026
2025042100323,20250421,323,-2.1443841760946274,BLOCK-T377,i,1.24660276899899,5.47020145714145,60787.26183136045
2025042100326,20250421,326,-0.3777159818693773,BLOCK-T377,i,1.26514200050573,5.54358785954555,60787.263365344144
2025042100329,20250421,329,-0.5094459009738275,BLOCK-T377,i,1.26076912628999,5.5250461354047,60787.264541679295
2025042100332,20250421,332,-1.2640487398654696,BLOCK-T377,i,1.25614775577273,5.50633131929704,60787.26576459955
2025042100335,20250421,335,-1.368840018444247,BLOCK-T377,i,1.25158688146427,5.48867392904811,60787.2669501366
2025042100338,20250421,338,-2.0871170214277037,BLOCK-T377,i,1.2469221501007,5.47137902984244,60787.268141373104
2025042100341,20250421,341,-0.37596321727391335,BLOCK-T377,i,1.26512893463081,5.543533176143,60787.2696720343
2025042100344,20250421,344,-0.5294056302847494,BLOCK-T377,i,1.26066318035164,5.52460717724052,60787.270875279
2025042100347,20250421,347,-1.3370968938540289,BLOCK-T377,i,1.25569678578494,5.5045512751602,60787.272188587
2025042100350,20250421,350,-1.3733939087412725,BLOCK-T377,i,1.25110297158981,5.48683770581158,60787.27337887725
2025042100353,20250421,353,-2.164104150912699,BLOCK-T377,i,1.24636615720062,5.46936658004991,60787.274586731044
2025042100356,20250421,356,-0.37334509543556155,BLOCK-T377,i,1.26511848550478,5.54348660718838,60787.27612819165
2025042100359,20250421,359,-0.5299740239446484,BLOCK-T377,i,1.26064813327215,5.52454372472221,60787.2773329672
2025042100362,20250421,362,-1.2591186164800627,BLOCK-T377,i,1.25609722718344,5.50613003023645,60787.2785357639
2025042100365,20250421,365,-1.3722557412115406,BLOCK-T377,i,1.25149730102278,5.48832441432286,60787.27973196255
2025042100408,20250421,408,-0.4368433999724929,BLOCK-T378_2,i,1.22111674432852,5.38943257038536,60787.3155412906
2025042100411,20250421,411,-0.9305869772005687,BLOCK-T378_2,i,1.21602927889396,5.3746897749527,60787.31673271495
2025042100414,20250421,414,-1.0969751627759594,BLOCK-T378_2,i,1.21080535917779,5.36010377326743,60787.31794347885
2025042100417,20250421,417,-1.5694033429418068,BLOCK-T378_2,i,1.20545390556433,5.34571240047253,60787.3191691933
2025042100420,20250421,420,-0.24547634580152308,BLOCK-T378_2,i,1.22643386335787,5.40544958553913,60787.320813998595
2025042100423,20250421,423,-0.409455819513542,BLOCK-T378_2,i,1.2212909007849,5.38994630228057,60787.322032779
2025042100426,20250421,426,-0.9314922702551047,BLOCK-T378_2,i,1.2161696155645,5.37509155968194,60787.323233009054
2025042100429,20250421,429,-1.077631815523708,BLOCK-T378_2,i,1.21091762154189,5.36041262893157,60787.324449767446
2025042100459,20250421,459,-0.20914767796120143,BLOCK-T379_2,i,1.28897010524368,5.22929240571101,60787.3522989983
2025042100462,20250421,462,-0.3774332547313693,BLOCK-T379_2,i,1.28322863382331,5.21450168586667,60787.3535068781
2025042100465,20250421,465,-0.8414340356358148,BLOCK-T379_2,i,1.27745795257589,5.20025434078422,60787.35471165845
2025042100468,20250421,468,-0.9890537181475065,BLOCK-T379_2,i,1.27158326199023,5.18635694109102,60787.3559288927
2025042100471,20250421,471,-1.4179446547529957,BLOCK-T379_2,i,1.26570851105464,5.17300263778651,60787.357139816144
2025042100474,20250421,474,-0.20597629091458264,BLOCK-T379_2,i,1.28897571233844,5.22932170291085,60787.35869678465
2025042100477,20250421,477,-0.379764394035725,BLOCK-T379_2,i,1.2831352616794,5.21427224932819,60787.359927901794
2025042100480,20250421,480,-0.8491250352448315,BLOCK-T379_2,i,1.27734136371759,5.19996538266342,60787.3611368629
2025042100483,20250421,483,-0.9892964074528792,BLOCK-T379_2,i,1.27150276940757,5.18616395707949,60787.3623467008
2025042100486,20250421,486,-1.418295029328917,BLOCK-T379_2,i,1.26572726783083,5.17304853051572,60787.36353544285
2025042100489,20250421,489,-0.2020855618277433,BLOCK-T379_2,i,1.2889969997021,5.22937079919305,60787.365067819905
2025042100492,20250421,492,-0.37597480466144895,BLOCK-T379_2,i,1.28329432423546,5.21467472649602,60787.366268575104
2025042100495,20250421,495,-0.8303166552860548,BLOCK-T379_2,i,1.27745465941837,5.20025333130236,60787.367488043805
2025042100498,20250421,498,-0.9908164656076067,BLOCK-T379_2,i,1.27155617332233,5.18628629956024,60787.368711579504
2025042100501,20250421,501,-1.4175035786866683,BLOCK-T379_2,i,1.26566430281591,5.17290295232565,60787.3699223147
2025042100504,20250421,504,-0.20055995287695244,BLOCK-T379_2,i,1.28900212168871,5.22938166890365,60787.371477301305
2025042100507,20250421,507,-0.378757499936419,BLOCK-T379_2,i,1.28315562042989,5.21432329067703,60787.37270648485
2025042100510,20250421,510,-0.838462507103093,BLOCK-T379_2,i,1.27738355912229,5.20007532006425,60787.373913391406
2025042100513,20250421,513,-0.9916321788348637,BLOCK-T379_2,i,1.27152663039323,5.18622457984704,60787.37512337635
2025042100516,20250421,516,-1.4176922600276154,BLOCK-T379_2,i,1.26561784990154,5.17279943991412,60787.376340382354
2025042400404,20250424,404,0.2026510473515133,BLOCK-T378_3,i,1.04327606728982,4.53671354663207,60790.31188350284
2025042400407,20250424,407,0.10343045920204982,BLOCK-T378_3,i,1.03401198943888,4.53404014536986,60790.31361248415
2025042400410,20250424,410,0.3895646220993463,BLOCK-T378_3,i,1.02477094208102,4.53135570383756,60790.315339362045
2025042400414,20250424,414,0.2308801430143545,BLOCK-T378_3,i,1.04331425371389,4.53672515716113,60790.35256914185
2025042400417,20250424,417,0.10371268183906719,BLOCK-T378_3,i,1.03409663944361,4.53406532022696,60790.35429006585
2025042400420,20250424,420,0.4161736799065696,BLOCK-T378_3,i,1.02486485277532,4.53138280205593,60790.3560125627
2025042400423,20250424,423,0.2741107955925582,BLOCK-T378_3,i,1.01563770464777,4.52868248116805,60790.3577396473
2025051300415,20250513,415,0.7561625320907914,BLOCK-T378_3,i,0.873944663663849,2.88209655317838,60809.271130349196
2025051300418,20250513,418,0.4427705881387866,BLOCK-T378_3,i,0.876296520363895,2.88740817497193,60809.27283122725
2025051300421,20250513,421,1.5569777486368086,BLOCK-T378_3,i,0.878604303792954,2.89279658641547,60809.27453429155
2025051300424,20250513,424,1.2500270640527997,BLOCK-T378_3,i,0.880865776570936,2.89825584150201,60809.27623878675
2025051300427,20250513,427,2.3677425240401293,BLOCK-T378_3,i,0.88310447951028,2.9038474702943,60809.27796631465
2025051300430,20250513,430,0.748625220153595,BLOCK-T378_3,i,0.873938955908923,2.88208227173868,60809.28000136615
2025051300433,20250513,433,0.4437554602934604,BLOCK-T378_3,i,0.876317860089313,2.88745737838696,60809.28171823025
2025051300436,20250513,436,1.5590976033423485,BLOCK-T378_3,i,0.878610517434502,2.89281140204188,60809.28341185495
2025051300439,20250513,439,1.2444427014205095,BLOCK-T378_3,i,0.880866497399345,2.8982559030915,60809.2851117986
2025051300442,20250513,442,2.368172854640914,BLOCK-T378_3,i,0.883076256152908,2.903775887693,60809.2868151867
2025051300445,20250513,445,0.7440619468515172,BLOCK-T378_3,i,0.873944716117957,2.88209860744623,60809.28885293745
2025051300448,20250513,448,0.4411894169457497,BLOCK-T378_3,i,0.876291787350351,2.88739754014674,60809.2905501653
2025051300451,20250513,451,1.5476292315663709,BLOCK-T378_3,i,0.878600485032341,2.89278762583786,60809.292251303355
2025051300454,20250513,454,1.2483480633339281,BLOCK-T378_3,i,0.880846810301537,2.89820944407041,60809.29394324345
2025051300457,20250513,457,2.3517260715903143,BLOCK-T378_3,i,0.883047286155642,2.9037025251245,60809.29564118716
2025051300460,20250513,460,0.7365195100754983,BLOCK-T378_3,i,0.873946872600514,2.88209995378177,60809.29800450475
2025051300463,20250513,463,0.4429611777026598,BLOCK-T378_3,i,0.876304957856437,2.88742800239523,60809.29970912025
2025051300466,20250513,466,1.539627752370404,BLOCK-T378_3,i,0.878608732979009,2.89280556900036,60809.301410315995
2025051300469,20250513,469,1.2500638204208112,BLOCK-T378_3,i,0.880865479438735,2.89825560385444,60809.303109428554
2025051300472,20250513,472,2.348626441905852,BLOCK-T378_3,i,0.883073017850557,2.90376607079788,60809.304811847454
2025051300475,20250513,475,0.7263480823529305,BLOCK-T378_3,i,0.873943536316107,2.88209437742737,60809.306831910304
2025051300478,20250513,478,0.44314394418735287,BLOCK-T378_3,i,0.876339785767746,2.88750607528814,60809.308563010054
2025051300481,20250513,481,1.5437116262041994,BLOCK-T378_3,i,0.878638965153237,2.89287909140092,60809.310261737555
2025051300484,20250513,484,1.2456919652563918,BLOCK-T378_3,i,0.880891293093192,2.89831880296166,60809.311959916755
2025052000272,20250520,272,0.6508356069686932,BLOCK-T417,i,0.997301135972399,4.52954902047785,60816.2251318283
2025052000277,20250520,277,0.42754801520152524,BLOCK-T417,i,0.973082769901035,4.5324536438069,60816.2335730697
2025052000280,20250520,280,0.9467005359570994,BLOCK-T417,i,0.945207158881992,4.52331705426534,60816.2387881997
2025052000284,20250520,284,0.2907798144428237,BLOCK-T417,i,0.981163563730126,4.53508549867993,60816.2467284762
2025052000287,20250520,287,0.8077827230231224,BLOCK-T417,i,0.953311351121701,4.52598313904127,60816.2519370465
2025052000290,20250520,290,1.3304375557655461,BLOCK-T417,i,0.925473320515558,4.5167919794159,60816.2571503544
2025090700075,20250907,75,-0.3208942508501025,BLOCK-T606,i,0.783641807695128,5.66753528945914,60926.077846902655
2025090700078,20250907,78,-0.3212026457146635,BLOCK-T606,i,0.783641596031722,5.66753906743629,60926.07947791125
2025090700081,20250907,81,-0.32281275655125796,BLOCK-T606,i,0.783636582739628,5.66753604906291,60926.08111157675
2025090700084,20250907,84,-0.3236923337810538,BLOCK-T606,i,0.783637767990056,5.66752997737171,60926.08273829455
2025090700087,20250907,87,-0.32467461506894324,BLOCK-T606,i,0.783636844871642,5.66752780639987,60926.084369864795
2025090700090,20250907,90,-0.32496477658577305,BLOCK-T606,i,0.783640165133536,5.66753570665922,60926.0862834902
2025090700093,20250907,93,-0.3266500910065133,BLOCK-T606,i,0.783635509092701,5.66751570410284,60926.0879110512
2025090700096,20250907,96,-0.32666944729561465,BLOCK-T606,i,0.783641959100953,5.6675398525289,60926.0895423866
2025090700099,20250907,99,-0.32715875902286484,BLOCK-T606,i,0.783643849757545,5.66754458818801,60926.091169273
2025090700102,20250907,102,-0.32925873164691666,BLOCK-T606,i,0.783630533109514,5.66751243122635,60926.0928028503
2025090700105,20250907,105,-0.32929353134048256,BLOCK-T606,i,0.783638500823807,5.66753205959508,60926.09443676015
2025090700108,20250907,108,-0.32986813963663053,BLOCK-T606,i,0.783639244462365,5.66753358741023,60926.096064806596
2025090700111,20250907,111,-0.33037294021670505,BLOCK-T606,i,0.783643560151769,5.66753964224587,60926.09769522855
2025090700114,20250907,114,-0.3318949485614553,BLOCK-T606,i,0.783633783740428,5.66752035700027,60926.099326873154
2025090700117,20250907,117,-0.3325717452117942,BLOCK-T606,i,0.78363905205368,5.66752881750049,60926.100957269955
2025090700120,20250907,120,-0.33436681669618906,BLOCK-T606,i,0.783629043385156,5.66750887237109,60926.103098373045
2025090700123,20250907,123,-0.3353764074409469,BLOCK-T606,i,0.783629978878305,5.66751099961106,60926.10472815485
2025090700126,20250907,126,-0.3343205090685615,BLOCK-T606,i,0.783645258353501,5.66754832487425,60926.106354395204
2025090700129,20250907,129,-0.335754454873495,BLOCK-T606,i,0.783641117157119,5.66753823712152,60926.1079827105
2025090700132,20250907,132,-0.3360660687535244,BLOCK-T606,i,0.78364544471334,5.66754857721901,60926.1096071106
2025090700135,20250907,135,-0.337506648170006,BLOCK-T606,i,0.783640307396833,5.66753633311458,60926.1112424541
2025090700138,20250907,138,-0.3374317237722835,BLOCK-T606,i,0.783648657896822,5.66755631583487,60926.11287002905
2025090700141,20250907,141,-0.3388928625664107,BLOCK-T606,i,0.783640362021137,5.66753663718218,60926.1144961394
2025090700144,20250907,144,-0.33919079204497393,BLOCK-T606,i,0.783646389995462,5.66755108866745,60926.116124039254
2025090700157,20250907,157,0.8380989608691607,BLOCK-T606,i,0.785786953100379,3.14357598253454,60926.126278617754
2025090700160,20250907,160,0.8286318321434578,BLOCK-T606,i,0.785787037599514,3.14355329617163,60926.12788479325
2025090700163,20250907,163,0.7525484367974665,BLOCK-T606,i,0.785787019083583,3.1435676030231,60926.1294935022
2025090700169,20250907,169,0.8142284789491328,BLOCK-T606,i,0.785787017098085,3.14356125362675,60926.1328005608
2025090700172,20250907,172,0.8074588771114009,BLOCK-T606,i,0.785787013588831,3.14355362706421,60926.1344127295
2025090700175,20250907,175,4.136945182108207,BLOCK-T606,i,0.785369837621566,3.1607285582864,60926.14360168045
2025090700178,20250907,178,0.735994260717689,BLOCK-T606,i,0.785787028041414,3.14357007595561,60926.1558178315
2025090700181,20250907,181,0.7275645557944586,BLOCK-T606,i,0.785787029796041,3.14355976486711,60926.157457944
2025090700184,20250907,184,0.7210697196801448,BLOCK-T606,i,0.78578699465733,3.14355718502016,60926.1590938214
2025090700187,20250907,187,0.7163191524558101,BLOCK-T606,i,0.785787065996763,3.14356233145574,60926.16072930475
2025090700190,20250907,190,0.7101334106457102,BLOCK-T606,i,0.785787053668202,3.1435623297856,60926.1623383245
2025091200117,20250912,117,-0.18206237109842505,BLOCK-T197,i,0.70115012138498,0.781488128881448,60931.17049703405
2025091200120,20250912,120,-0.18149652391514337,BLOCK-T197,i,0.701136770844945,0.781506903347943,60931.172117676004
2025091200123,20250912,123,-0.18097093493605598,BLOCK-T197,i,0.70112259438359,0.781534419494979,60931.17372906425
2025091200126,20250912,126,-0.1819203201550863,BLOCK-T197,i,0.701129758617315,0.781518842536863,60931.17534259925
2025091200129,20250912,129,-0.18207313095581412,BLOCK-T197,i,0.701130738622577,0.781520883681296,60931.17695402105
2025091200132,20250912,132,-0.18199324795693883,BLOCK-T197,i,0.701119199365357,0.781540382132678,60931.1801484159
2025091200135,20250912,135,-0.18516370587440178,BLOCK-T197,i,0.701156746948266,0.781477190059307,60931.181771499105
2025091200138,20250912,138,-0.18339733651475854,BLOCK-T197,i,0.701123372191197,0.781529365803357,60931.18338546015
2025091200141,20250912,141,-0.1843599841085961,BLOCK-T197,i,0.701134163100072,0.781514786321397,60931.185002979604
2025091200144,20250912,144,-0.18411510293390165,BLOCK-T197,i,0.701123815280649,0.781528235435727,60931.18661379405
2025091200147,20250912,147,-0.18714887464591357,BLOCK-T197,i,0.701158914882071,0.781473003322676,60931.1894571576
2025091200150,20250912,150,-0.18567977817849624,BLOCK-T197,i,0.701115995416753,0.781542131844722,60931.1945490021
2025091200153,20250912,153,-0.18655433195186788,BLOCK-T197,i,0.701122984603363,0.78153029263274,60931.196160232954
2025091200156,20250912,156,-0.1872793741238752,BLOCK-T197,i,0.701124410145321,0.781527881450305,60931.1977772905
2025091200159,20250912,159,-0.19099076616430466,BLOCK-T197,i,0.701156771466866,0.781473586476517,60931.2022746219
2025091200162,20250912,162,-0.18859338728759667,BLOCK-T197,i,0.701122451843246,0.781530857768378,60931.20389163475
2025091200165,20250912,165,-0.18965859988333023,BLOCK-T197,i,0.701128339678295,0.781520810124632,60931.20550302125
2025091200168,20250912,168,-0.1911089898601972,BLOCK-T197,i,0.701144022071223,0.781494512836764,60931.20711769235
2025091200171,20250912,171,-0.19029949299141435,BLOCK-T197,i,0.701124945768249,0.78152653444028,60931.2087285538
2025091200174,20250912,174,-0.19348012034726025,BLOCK-T197,i,0.701139210930609,0.781506217750503,60931.2161399824
2025091200177,20250912,177,-0.1929871865709174,BLOCK-T197,i,0.701126315993286,0.78152786271908,60931.2177515935
2025091200180,20250912,180,-0.19397546591363835,BLOCK-T197,i,0.701128705425643,0.781520067003836,60931.21936550485
2025091200183,20250912,183,-0.19504949997292442,BLOCK-T197,i,0.70112542482755,0.781525423054393,60931.22409605805
2025091200186,20250912,186,-0.1961565707340469,BLOCK-T197,i,0.701129137710286,0.781519239765973,60931.22570672295
2025091200198,20250912,198,-0.0715797141538701,BLOCK-T197,i,0.694857747467852,4.71067255053953,60931.2363811157
2025091200211,20250912,211,-0.07648171432992967,BLOCK-T197,i,0.69488513183655,4.71068841571181,60931.245965247406
2025091200214,20250912,214,-0.07724505310923746,BLOCK-T197,i,0.694769803446756,4.71062137809142,60931.24759579965
2025091200217,20250912,217,-0.07807776851979042,BLOCK-T197,i,0.694832843864456,4.7106561414295,60931.24922252105
2025091200220,20250912,220,-0.08128017066377424,BLOCK-T197,i,0.694882467481873,4.71068687797863,60931.25592466
2025091200223,20250912,223,-0.08201564658250504,BLOCK-T197,i,0.694835847277684,4.71065787506969,60931.2575478086
2025091200226,20250912,226,-0.08278295164126348,BLOCK-T197,i,0.694862732131824,4.71067542921243,60931.259167680706
2025091200229,20250912,229,-0.08351295978965823,BLOCK-T197,i,0.694880995303782,4.71068421777886,60931.26078285035
2025091200232,20250912,232,-0.08421104404203561,BLOCK-T197,i,0.694848972902262,4.71066560497514,60931.262403130895
2025091200235,20250912,235,-0.0875377301321123,BLOCK-T197,i,0.694889249022248,4.7106889895386,60931.27019307465
2025091200238,20250912,238,-0.08824965738747892,BLOCK-T197,i,0.694858430387087,4.71067286280366,60931.271808929596
2025091200241,20250912,241,-0.08892352575787754,BLOCK-T197,i,0.694900118289063,4.71069713185854,60931.2734259466
2025091200244,20250912,244,-0.0905630872092047,BLOCK-T197,i,0.694835330078336,4.71065947924862,60931.27757220185
2025091200247,20250912,247,-0.09121076322352906,BLOCK-T197,i,0.694877825385704,4.71068422621946,60931.2791886506
2025091200250,20250912,250,-0.09182797068396553,BLOCK-T197,i,0.694880844313525,4.71068415803936,60931.2808027563
2025091200253,20250912,253,-0.09243334698592776,BLOCK-T197,i,0.694874991663362,4.71068073689327,60931.2824196415
2025091200256,20250912,256,-0.09301781419560484,BLOCK-T197,i,0.694853857136934,4.71067028119023,60931.28404255
2025091200269,20250912,269,-0.09737802571237353,BLOCK-T197,i,0.694823797470229,4.71065105599886,60931.2966820983
2025091200305,20250912,305,0.00011728618768781058,BLOCK-T539,i,1.04323445231198,4.7103839589944,60931.324415837604
2025091200308,20250912,308,-0.004357913437888771,BLOCK-T539,i,1.0432804132844,4.71041238358647,60931.32885236005
2025091200311,20250912,311,-0.008449732203035578,BLOCK-T539,i,1.04324346379837,4.71039104652682,60931.3329288035
2025091200314,20250912,314,-0.012665564171296625,BLOCK-T539,i,1.04324437274125,4.71039168527694,60931.3371371285
2025091200317,20250912,317,-0.016813952645078428,BLOCK-T539,i,1.04322256162148,4.71037903671041,60931.341295570295
2025091200320,20250912,320,-0.02095184151776427,BLOCK-T539,i,1.04325098606832,4.71039550841201,60931.3454312566
2025091200323,20250912,323,-0.025027316296635977,BLOCK-T539,i,1.04328160698474,4.71041156617674,60931.3495094249
2025091200326,20250912,326,-0.02908587495263046,BLOCK-T539,i,1.04326425871216,4.71040150945643,60931.35363856255
2025091200329,20250912,329,-0.03312994146959747,BLOCK-T539,i,1.0432636326336,4.71040292730593,60931.3577748189
2025091200332,20250912,332,-0.03711203461945031,BLOCK-T539,i,1.04326952494756,4.71040440001943,60931.36184197465
2025092100202,20250921,202,24.5155831348668,BLOCK-T606,i,1.07038668724141,5.19924564755295,60940.194509061
2025092100205,20250921,205,24.516542949652205,BLOCK-T606,i,1.07041684207354,5.19929449028275,60940.19615768685
2025092100208,20250921,208,24.51439815637673,BLOCK-T606,i,1.07038538101408,5.19924334399796,60940.197805531105
2025092100211,20250921,211,24.51413074783784,BLOCK-T606,i,1.07039709425641,5.19926257518255,60940.199454760106
2025092100214,20250921,214,24.513959702284126,BLOCK-T606,i,1.07040101067585,5.19926879289504,60940.20110599565
2025092100217,20250921,217,24.532960407351595,BLOCK-T606,i,1.05815755415332,5.18200086480021,60940.204190993856
2025092100220,20250921,220,24.530858036254244,BLOCK-T606,i,1.05813205333036,5.18196114391898,60940.2058442959
2025092100223,20250921,223,24.530712814958633,BLOCK-T606,i,1.05814509796506,5.18198139093196,60940.20749233525
2025092100226,20250921,226,24.529968514069225,BLOCK-T606,i,1.05813914982625,5.18197219246267,60940.2091421135
2025092100229,20250921,229,24.529872033971344,BLOCK-T606,i,1.05814713499446,5.1819846217981,60940.210796377156
2025092100232,20250921,232,24.544963637424132,BLOCK-T606,i,1.04766672474737,5.16991723582543,60940.213543303
2025092100235,20250921,235,24.545996998431917,BLOCK-T606,i,1.04769491167315,5.16995966777493,60940.21518806495
2025092100238,20250921,238,24.54400641242728,BLOCK-T606,i,1.04766623843869,5.16991642267453,60940.21683574845
2025092100241,20250921,241,24.544907880309864,BLOCK-T606,i,1.04769540569295,5.16995181047663,60940.2184761632
2025092100244,20250921,244,24.543608414400552,BLOCK-T606,i,1.04767605377504,5.16993113536915,60940.220124297906
2025092100247,20250921,247,24.55847601954514,BLOCK-T606,i,1.03718649785878,5.1561123780083,60940.2227488599
2025092100250,20250921,250,24.55842922233353,BLOCK-T606,i,1.03719415255688,5.15612336663261,60940.2243959678
2025092100253,20250921,253,24.557794954245225,BLOCK-T606,i,1.03718946437867,5.15611664721113,60940.2260443856
2025092100256,20250921,256,24.55829922395634,BLOCK-T606,i,1.03720676024332,5.15614161074085,60940.2276919225
2025092100259,20250921,259,24.558135921669447,BLOCK-T606,i,1.03720685453142,5.1561458793784,60940.229336777295
2025092100262,20250921,262,24.569091565694578,BLOCK-T606,i,1.02844155946463,5.1440093461075,60940.2318687174
2025092100265,20250921,265,24.56857470461472,BLOCK-T606,i,1.02843897032803,5.14400573637733,60940.233518582754
2025092100268,20250921,268,24.56987495565363,BLOCK-T606,i,1.02846676888101,5.1440447587304,60940.2351651783
2025092100271,20250921,271,24.569290012252054,BLOCK-T606,i,1.02846314982464,5.14403968280027,60940.236810920105
2025102600419,20251026,419,0.3027600661732312,BLOCK-T614_triplets,i,1.04748773351001,3.14632288990874,60975.26545373325
2025102600422,20251026,422,0.2986593668024369,BLOCK-T614_triplets,i,1.04748783869528,3.14629783154094,60975.26715278555
2025102600425,20251026,425,0.2974119402621171,BLOCK-T614_triplets,i,1.04748782849074,3.14630128228696,60975.26886052935
2025102600428,20251026,428,0.29729419396140877,BLOCK-T614_triplets,i,1.04748770206525,3.14631935853364,60975.270563142054
2025102600431,20251026,431,0.2950561079461807,BLOCK-T614_triplets,i,1.04748778637969,3.14630848976089,60975.27226178725
2025102600434,20251026,434,0.2916665439735446,BLOCK-T614_triplets,i,1.04748784331272,3.14629311223632,60975.273955403696
2025102600437,20251026,437,0.2921623118524095,BLOCK-T614_triplets,i,1.04748776033734,3.14630910415271,60975.2756447891
2025102600440,20251026,440,0.329335494681995,BLOCK-T614_triplets,i,1.04748627065915,3.14669637021865,60975.277398218546
2025102600443,20251026,443,0.28968679955824067,BLOCK-T614_triplets,i,1.04748772672238,3.14631725235025,60975.2791041952
2025102600446,20251026,446,0.2895413267104084,BLOCK-T614_triplets,i,1.04748769343064,3.14632968186553,60975.2808059499
2025102600449,20251026,449,0.2885883710320157,BLOCK-T614_triplets,i,1.04748768692006,3.14633007657017,60975.282507654
2025102600452,20251026,452,0.28492597437469996,BLOCK-T614_triplets,i,1.04748778938103,3.14630686326638,60975.2842185715
2025102600505,20251026,505,-0.1408997340466219,BLOCK-T614_triplets,i,1.05109143417555,1.56916797755576,60975.3229562989
2025102600508,20251026,508,-0.1402491536938916,BLOCK-T614_triplets,i,1.05111070852049,1.56915480808009,60975.3246288004
2025102600511,20251026,511,-0.1395716396417234,BLOCK-T614_triplets,i,1.05108852985257,1.56916784389346,60975.32629569195
2025102600514,20251026,514,-0.13887603524194106,BLOCK-T614_triplets,i,1.05109039391271,1.5691667424513,60975.327977178706
2025102600517,20251026,517,-0.13816136022402192,BLOCK-T614_triplets,i,1.05108494764336,1.56916994402582,60975.3296487365
2025102600520,20251026,520,-0.1374461805467232,BLOCK-T614_triplets,i,1.05109518113499,1.56916573235277,60975.331319515346
2025102600523,20251026,523,-0.1366995700586471,BLOCK-T614_triplets,i,1.05111828412186,1.56915032858138,60975.3330047043
2025102600526,20251026,526,-0.13594317686832075,BLOCK-T614_triplets,i,1.05108673620837,1.56916880515977,60975.334678072104
2025102600529,20251026,529,-0.13517572595214739,BLOCK-T614_triplets,i,1.05111604263225,1.56915162616179,60975.3363581136
2025102600532,20251026,532,-0.1343826628110735,BLOCK-T614_triplets,i,1.05109143094335,1.5691660733304,60975.338034854896
2025102600535,20251026,535,-0.13356602903307088,BLOCK-T614_triplets,i,1.05109621858119,1.56916697312285,60975.3397168503
2025102600538,20251026,538,-0.13276194131612779,BLOCK-T614_triplets,i,1.05109423950065,1.56916445874524,60975.34137822765
2025102700093,20251027,93,0.011315242646739191,BLOCK-T492,i,1.40067014766742,1.56898275919202,60976.0745563073
2025102700096,20251027,96,0.006986418043660498,BLOCK-T492,i,1.40063580431016,1.56900339203221,60976.078763564496
2025102700099,20251027,99,0.002599414055989089,BLOCK-T492,i,1.40062550525089,1.56900961907178,60976.0830382946
2025102700102,20251027,102,-0.0017694031981421976,BLOCK-T492,i,1.40058428250973,1.56903434991296,60976.087311180905
2025102700105,20251027,105,-0.006138138284465854,BLOCK-T492,i,1.40062921568639,1.56900961470373,60976.09152971415
2025102700108,20251027,108,-0.010596532174214161,BLOCK-T492,i,1.40064040110925,1.56900124146172,60976.09587703355
2025110700107,20251107,107,-0.6138045445789108,BLOCK-T614_triplets,i,1.04747453409876,6.27374245811151,60987.086158736696
2025110700110,20251107,110,-0.6096839466864644,BLOCK-T614_triplets,i,1.04747484041967,6.27386360333564,60987.08799920675
2025110700113,20251107,113,-0.6113924673775697,BLOCK-T614_triplets,i,1.04747481705543,6.27386279295974,60987.08984068455
2025110700116,20251107,116,-0.6127446028937225,BLOCK-T614_triplets,i,1.04747493424603,6.27386894165706,60987.09168088155
2025110700119,20251107,119,-0.618033842546537,BLOCK-T614_triplets,i,1.04747447476467,6.27379200743748,60987.093528499696
2025110700122,20251107,122,-0.617614068262919,BLOCK-T614_triplets,i,1.04747488839486,6.27383749785009,60987.0953748748
2025110700125,20251107,125,-0.6175158338324879,BLOCK-T614_triplets,i,1.04747499538092,6.27386576742781,60987.0972181604
2025110700128,20251107,128,-0.6193465202060545,BLOCK-T614_triplets,i,1.04747496153509,6.27386198543591,60987.09906593835
2025110700131,20251107,131,-0.6237063305357132,BLOCK-T614_triplets,i,1.04747474871733,6.27381455194798,60987.10090967665
2025110700134,20251107,134,-0.6226506568756077,BLOCK-T614_triplets,i,1.04747499468831,6.27386544988348,60987.102756499546
2025110700137,20251107,137,-0.6300660146576462,BLOCK-T614_triplets,i,1.04747432331267,6.27374852369384,60987.10460589775
2025110700140,20251107,140,-0.6260153494072335,BLOCK-T614_triplets,i,1.04747487421932,6.27385627487961,60987.106449091254
2025110700200,20251107,200,0.02320593656545065,BLOCK-T614_triplets,i,1.04324922949477,4.7103922423651,60987.1475216923
2025110700203,20251107,203,0.021363407778564863,BLOCK-T614_triplets,i,1.04325298508882,4.71039258765938,60987.14937974085
2025110700206,20251107,206,0.019512124858035742,BLOCK-T614_triplets,i,1.04325426550467,4.71039878983319,60987.1512345319
2025110700209,20251107,209,0.01767091641313609,BLOCK-T614_triplets,i,1.04324526667006,4.7103918059777,60987.1530859431
2025110700212,20251107,212,0.015827742341265265,BLOCK-T614_triplets,i,1.04323535404427,4.71038605526106,60987.15494631995
2025110700215,20251107,215,0.013972783158721932,BLOCK-T614_triplets,i,1.04327700574552,4.71041014613806,60987.1567822773
2025110700218,20251107,218,0.012149453457943906,BLOCK-T614_triplets,i,1.04325412398016,4.71039689828802,60987.15862185605
2025110700221,20251107,221,0.010302974929384876,BLOCK-T614_triplets,i,1.04324389778408,4.71038910423006,60987.160472357544
2025110700224,20251107,224,0.008460970631756952,BLOCK-T614_triplets,i,1.04326633863019,4.71040392448147,60987.162310629
2025110700227,20251107,227,0.006616735393139201,BLOCK-T614_triplets,i,1.043243410044,4.71039061878047,60987.16416471885
2025110700230,20251107,230,0.004770690524235627,BLOCK-T614_triplets,i,1.04324595646928,4.71039206898566,60987.166005150095
2025110700233,20251107,233,0.00292335967221522,BLOCK-T614_triplets,i,1.04327500219254,4.71040888445916,60987.167849336445
2025111200415,20251112,415,30.34279833342634,BLOCK-T614_triplets,i,1.04599983692632,3.4956524872836,60992.306716787
2025111200418,20251112,418,30.341332186471224,BLOCK-T614_triplets,i,1.04600384195443,3.49564373257599,60992.3085764014
2025111200421,20251112,421,30.342658565768577,BLOCK-T614_triplets,i,1.045995975085,3.49566717772686,60992.310441949405
2025111200424,20251112,424,30.33960172125158,BLOCK-T614_triplets,i,1.04600296260934,3.49564306104625,60992.3123013085
2025111200427,20251112,427,30.340381720019344,BLOCK-T614_triplets,i,1.04599606083085,3.4956638029078,60992.31416234805
2025111200430,20251112,430,30.33713586574312,BLOCK-T614_triplets,i,1.04600499137353,3.49563716375584,60992.316021539446
2025111200433,20251112,433,30.33902864515383,BLOCK-T614_triplets,i,1.04599850373315,3.49565655683446,60992.3178874598
2025111200436,20251112,436,30.335882745423515,BLOCK-T614_triplets,i,1.046003039305,3.49564321550174,60992.31974960595
2025111200439,20251112,439,30.33762880528319,BLOCK-T614_triplets,i,1.04599507994827,3.49566707275878,60992.3216129586
2025111200442,20251112,442,30.33983912408768,BLOCK-T614_triplets,i,1.04598625777688,3.49569345659183,60992.32348091075
2025111200445,20251112,445,30.336345084577058,BLOCK-T614_triplets,i,1.04599707699066,3.49566112312888,60992.32536004165
2025111200448,20251112,448,30.337129313276538,BLOCK-T614_triplets,i,1.04599035778571,3.49568117072112,60992.32723179375
2025111400384,20251114,384,-0.12572609242219568,BLOCK-T614_triplets,i,1.04323869451854,4.71038906320945,60994.3019223531
2025111400387,20251114,387,-0.1267733490269027,BLOCK-T614_triplets,i,1.04325268415831,4.71039540737056,60994.30376163735
2025111400390,20251114,390,-0.12776007869461173,BLOCK-T614_triplets,i,1.04327045058617,4.71040563587082,60994.30559995675
2025111400393,20251114,393,-0.12871065056015613,BLOCK-T614_triplets,i,1.04325082476178,4.71039422649415,60994.3074412228
2025111400396,20251114,396,-0.12966180602383695,BLOCK-T614_triplets,i,1.04326522119793,4.7104025605008,60994.3092783952
2025111400399,20251114,399,-0.13057930883452554,BLOCK-T614_triplets,i,1.04323292373557,4.71038383049206,60994.311129032794
2025111400402,20251114,402,-0.13148345072278092,BLOCK-T614_triplets,i,1.04323330291966,4.71038585670161,60994.31296606611
2025111400405,20251114,405,-0.13238132800586452,BLOCK-T614_triplets,i,1.0432536412149,4.7103976456746,60994.3148090273
2025111400408,20251114,408,-0.1332443877772919,BLOCK-T614_triplets,i,1.04325347133932,4.71039752272687,60994.3166402691
2025111400411,20251114,411,-0.13408976002698622,BLOCK-T614_triplets,i,1.04323279449345,4.71038557764108,60994.318488617195
2025111400414,20251114,414,-0.1349266397689569,BLOCK-T614_triplets,i,1.04325478772502,4.71039829639188,60994.3203258945
2025111400417,20251114,417,-0.1357378036991721,BLOCK-T614_triplets,i,1.04325237257352,4.71039328128041,60994.3221660778
2025121900177,20251219,177,-0.14375240356587804,BLOCK-T614_triplets,i,1.0436237996178,4.71005658625748,61029.238876196
2025121900180,20251219,180,-0.14439145125701822,BLOCK-T614_triplets,i,1.04358617483131,4.710032965935,61029.240758415544
2025121900183,20251219,183,-0.14503191495416567,BLOCK-T614_triplets,i,1.04355338099424,4.71001393900169,61029.24267225215
2025121900186,20251219,186,-0.14566069263636083,BLOCK-T614_triplets,i,1.04361935016118,4.71005217782951,61029.244525529444
2025121900189,20251219,189,-0.14623201168929714,BLOCK-T614_triplets,i,1.04356679525494,4.71002177167833,61029.2463906865
2025121900192,20251219,192,-0.1468270215042274,BLOCK-T614_triplets,i,1.04356380541698,4.71001999926529,61029.248312228796
2025121900195,20251219,195,-0.14739752516185692,BLOCK-T614_triplets,i,1.04358051366634,4.71002970086318,61029.25024393475
2025121900198,20251219,198,-0.14791776992273709,BLOCK-T614_triplets,i,1.04357166282066,4.71002641077785,61029.252110327
2025121900201,20251219,201,-0.14842636194932857,BLOCK-T614_triplets,i,1.04356650246313,4.71002153834743,61029.2539714339
2025121900204,20251219,204,-0.14892020446949816,BLOCK-T614_triplets,i,1.04359520575711,4.7100381350202,61029.25583432365
2025121900207,20251219,207,-0.14940096381644183,BLOCK-T614_triplets,i,1.04360945041804,4.7100482511524,61029.2577341139
2025121900210,20251219,210,-0.149841078035083,BLOCK-T614_triplets,i,1.04361061816838,4.7100470360125,61029.259608592605
2026031500122,20260315,122,-0.12690733855682187,BLOCK-T614_triplets,i,1.21878397306936,4.71058107081745,61115.087210054946
2026031500125,20260315,125,-0.12599392713112353,BLOCK-T614_triplets,i,1.21878162630214,4.71057970900744,61115.0889709946
2026031500128,20260315,128,59.89341140372435,BLOCK-T614_triplets,i,1.21874391530807,4.7108844061667,61115.09671723195
2026031500131,20260315,131,59.89393375262533,BLOCK-T614_triplets,i,1.21875038775708,4.71088820673566,61115.098488493546
2026031500134,20260315,134,59.89473382881374,BLOCK-T614_triplets,i,1.21873526545951,4.71087949349883,61115.1002504444
2026031500137,20260315,137,59.89552691360246,BLOCK-T614_triplets,i,1.21874577230353,4.71088569519086,61115.1019982856
2026031500140,20260315,140,59.896352936176264,BLOCK-T614_triplets,i,1.21873017076196,4.71087668554978,61115.10374602895
2026031500143,20260315,143,59.89718301892247,BLOCK-T614_triplets,i,1.21874122260231,4.71088127325406,61115.10548030615
2026031500146,20260315,146,59.89804443509335,BLOCK-T614_triplets,i,1.21873890372443,4.71088175517835,61115.1072426096
2026031500149,20260315,149,59.89892317355153,BLOCK-T614_triplets,i,1.21874018963503,4.71088253659023,61115.10900716105
2026031500152,20260315,152,59.89982146765983,BLOCK-T614_triplets,i,1.2187337128918,4.7108787662379,61115.11076362485
2026031500155,20260315,155,59.900747304447385,BLOCK-T614_triplets,i,1.21873992888824,4.71088238007275,61115.112524346405
2026031500158,20260315,158,59.901673375458714,BLOCK-T614_triplets,i,1.21874060663595,4.71088278739977,61115.11427781305
2026031500161,20260315,161,59.90260662632603,BLOCK-T614_triplets,i,1.2187446288871,4.7108833445573,61115.116018783345
2026031500184,20260315,184,-60.11436173055142,BLOCK-T614_triplets,i,1.21872092835745,4.71031757323328,61115.1379267094
2026031500187,20260315,187,-60.11319534223968,BLOCK-T614_triplets,i,1.21871857290944,4.71031623443263,61115.13968026555
2026031500190,20260315,190,-60.11202031566772,BLOCK-T614_triplets,i,1.21871156710005,4.71031220380879,61115.141412033
2026031500193,20260315,193,-60.11082447712729,BLOCK-T614_triplets,i,1.21871073887001,4.71031177670993,61115.143160242296
2026031500196,20260315,196,-60.10959608359692,BLOCK-T614_triplets,i,1.21871161613725,4.71031227254776,61115.1449315926
2026031500199,20260315,199,-60.10839128187571,BLOCK-T614_triplets,i,1.21872143747628,4.71031797842124,61115.146680442005
2026031500202,20260315,202,-60.10712452546935,BLOCK-T614_triplets,i,1.21872225240809,4.71031669966841,61115.14843719745
2026031500205,20260315,205,-60.10586347858896,BLOCK-T614_triplets,i,1.21872537799876,4.71031850811786,61115.1501950096
2026031500208,20260315,208,-60.104584653066674,BLOCK-T614_triplets,i,1.21871810590165,4.71031431012709,61115.15195165365
2026031500211,20260315,211,-60.103303171698734,BLOCK-T614_triplets,i,1.21872670209558,4.71031748456832,61115.1537047122
2026031500214,20260315,214,-60.10198428148882,BLOCK-T614_triplets,i,1.21871453172679,4.71031408398418,61115.155467004006
2026031500217,20260315,217,-60.1006512687701,BLOCK-T614_triplets,i,1.21871400284532,4.71031369652536,61115.1572256458
2026031500230,20260315,230,-0.07502142693801227,BLOCK-T614_triplets,i,1.21878781191584,4.71058387497014,61115.1717464147
2026031500233,20260315,233,-0.0735625879404,BLOCK-T614_triplets,i,1.21879107750725,4.71058573643358,61115.1735122916
2026031500236,20260315,236,-0.07211102456878979,BLOCK-T614_triplets,i,1.21879122683523,4.71058395710231,61115.1752609074
2026031500239,20260315,239,-0.07064017678753048,BLOCK-T614_triplets,i,1.21878387397912,4.71058152977094,61115.1770259712
2026031500242,20260315,242,-0.06913692348966781,BLOCK-T614_triplets,i,1.218757894928,4.7105663770596,61115.1787894682
2026031500245,20260315,245,-0.06766199722552307,BLOCK-T614_triplets,i,1.21879022406599,4.71058503119919,61115.1805419526
2026031500248,20260315,248,-0.06616107502083411,BLOCK-T614_triplets,i,1.21877539202064,4.71057643360647,61115.18229044685
2026031500251,20260315,251,-0.06464026146443061,BLOCK-T614_triplets,i,1.21876514689306,4.71057051889527,61115.184047138944
2026031500254,20260315,254,-0.06310819748940721,BLOCK-T614_triplets,i,1.21877783556939,4.71057781223988,61115.1858132602
2026031500257,20260315,257,-0.06155974515817052,BLOCK-T614_triplets,i,1.21878204210253,4.71058027481757,61115.18759213345
2026031500260,20260315,260,-0.06000512287202557,BLOCK-T614_triplets,i,1.21876551148605,4.71056702760345,61115.189351400404
2026031500263,20260315,263,-0.058448873251676484,BLOCK-T614_triplets,i,1.2187806808815,4.71057938901572,61115.1911029772
2026031500276,20260315,276,14.959708900876672,BLOCK-T614_triplets,i,1.21878876176922,4.71067022162918,61115.206018655546
2026031500279,20260315,279,14.961426934247054,BLOCK-T614_triplets,i,1.2187473974112,4.71064993687112,61115.207773083195
2026031500282,20260315,282,14.96308747029097,BLOCK-T614_triplets,i,1.21878157828078,4.71066798581108,61115.2095342909
2026031500285,20260315,285,14.964770850718896,BLOCK-T614_triplets,i,1.21878170041204,4.71066621956468,61115.21130186895
2026031500288,20260315,288,14.966461853757227,BLOCK-T614_triplets,i,1.21877711317105,4.71066527874469,61115.21306875635
2026031500291,20260315,291,14.968150718195753,BLOCK-T614_triplets,i,1.21877781673023,4.71066385237748,61115.21483223155
2026031500294,20260315,294,14.969820229704686,BLOCK-T614_triplets,i,1.21877989988786,4.71066687793247,61115.21656268565
2026031500297,20260315,297,14.971521264919486,BLOCK-T614_triplets,i,1.218780476606,4.71066717090652,61115.2183163417
2026031500300,20260315,300,14.973223692378049,BLOCK-T614_triplets,i,1.21879009214576,4.71067080460959,61115.22007477455
2026031500303,20260315,303,14.974942038589743,BLOCK-T614_triplets,i,1.21877876173531,4.7106642061702,61115.221822470354
2026031500306,20260315,306,14.976655429431496,BLOCK-T614_triplets,i,1.21877976625917,4.71066663469636,61115.2235742561
2026031500309,20260315,309,14.978388883066128,BLOCK-T614_triplets,i,1.21878055385575,4.71066529566445,61115.225336372896
2026031500322,20260315,322,-15.021048913555282,BLOCK-T614_triplets,i,1.2187730375423,4.71049704532692,61115.235053558645
2026031500325,20260315,325,-15.019267381706817,BLOCK-T614_triplets,i,1.21878854770475,4.71050418361865,61115.23680646455
2026031500328,20260315,328,-15.017486288347692,BLOCK-T614_triplets,i,1.21877465216838,4.71049800133231,61115.238556756754
2026031500331,20260315,331,-15.015704808765713,BLOCK-T614_triplets,i,1.21878279308282,4.71050267271042,61115.240317876
2026031500334,20260315,334,-15.013913691907792,BLOCK-T614_triplets,i,1.21877075888231,4.71049384583365,61115.24207662115
2026031500337,20260315,337,-15.012118450157041,BLOCK-T614_triplets,i,1.21877979327119,4.71050092107129,61115.243834238354
2026031500340,20260315,340,-15.010260679613925,BLOCK-T614_triplets,i,1.21877363226845,4.71049553297338,61115.245597265195
2026031500343,20260315,343,-15.008476186411446,BLOCK-T614_triplets,i,1.2187824096045,4.71050059462386,61115.2473417982
2026031500346,20260315,346,-15.006650206196108,BLOCK-T614_triplets,i,1.21878425039275,4.71050345157855,61115.2491160818
2026031500349,20260315,349,-15.004864352446946,BLOCK-T614_triplets,i,1.21879062661433,4.71050533784353,61115.25088221225
2026031500352,20260315,352,-15.003038405922327,BLOCK-T614_triplets,i,1.218771094801,4.71049407384582,61115.2526488706
2026031500355,20260315,355,-15.001170661067977,BLOCK-T614_triplets,i,1.21879043083492,4.71050523493743,61115.25441342145
2026031600647,20260316,647,60.10728874658663,BLOCK-T614_triplets,i,1.21870711346742,4.71086419666653,61116.33744479445
2026031600650,20260316,650,60.108990330148806,BLOCK-T614_triplets,i,1.21870777099074,4.71086459882898,61116.339204572956
2026031600653,20260316,653,60.110673122829006,BLOCK-T614_triplets,i,1.21872659213404,4.71087546257205,61116.340955899155
2026031600656,20260316,656,60.11236379006773,BLOCK-T614_triplets,i,1.21868787352241,4.71085307833685,61116.3427208912
2026031600659,20260316,659,60.11405622244463,BLOCK-T614_triplets,i,1.21866969189443,4.71084073054903,61116.34449230305
2026031600662,20260316,662,60.11571684420825,BLOCK-T614_triplets,i,1.21873723334553,4.71088170114842,61116.346252974705
2026031600665,20260316,665,60.11739887209824,BLOCK-T614_triplets,i,1.21872077282178,4.71087216231174,61116.34803049885
2026031600668,20260316,668,60.11904076154856,BLOCK-T614_triplets,i,1.21874159830301,4.71088236410266,61116.349791339
2026031600671,20260316,671,60.120691238080795,BLOCK-T614_triplets,i,1.21873272206141,4.71087904742362,61116.3515612178
2026031600674,20260316,674,60.1223299757648,BLOCK-T614_triplets,i,1.21872095839666,4.71087221183771,61116.3533201402
2026031600677,20260316,677,60.12395257300151,BLOCK-T614_triplets,i,1.21873026008909,4.71087764003816,61116.35508320015
2026031600680,20260316,680,60.12557088243678,BLOCK-T614_triplets,i,1.21873014382197,4.71087389049828,61116.35684692905
2026031600693,20260316,693,-59.89703359988372,BLOCK-T614_triplets,i,1.2187135430666,4.71031337308957,61116.3654378386
2026031600696,20260316,696,-59.89547846855542,BLOCK-T614_triplets,i,1.21871909567557,4.71031658888594,61116.3672034311
2026031600699,20260316,699,-59.89394591814105,BLOCK-T614_triplets,i,1.2186595600788,4.71028216450206,61116.3689461354
2026031600702,20260316,702,-59.89243623232322,BLOCK-T614_triplets,i,1.21871811830225,4.71031598684671,61116.37070185985
2026031600705,20260316,705,-59.89091382259756,BLOCK-T614_triplets,i,1.21872765220569,4.71032150883819,61116.372470800896
2026031600708,20260316,708,-59.88941171040017,BLOCK-T614_triplets,i,1.21872892334049,4.71032221962257,61116.3742286084
2026031600711,20260316,711,-59.88790966940438,BLOCK-T614_triplets,i,1.21871883986945,4.71031641718307,61116.376000443095
2026031600714,20260316,714,-59.886412602176364,BLOCK-T614_triplets,i,1.21872866143934,4.71032213124665,61116.37776352069
2026031600717,20260316,717,-59.884968541877946,BLOCK-T614_triplets,i,1.21873316344241,4.71032471727309,61116.37951371405
2026031600720,20260316,720,-59.88350587874586,BLOCK-T614_triplets,i,1.21872317536767,4.71031897796477,61116.3812658371
2026031600723,20260316,723,-59.882042095627156,BLOCK-T614_triplets,i,1.21870947768856,4.71031109304496,61116.3830446999
2026031600726,20260316,726,-59.88061421790359,BLOCK-T614_triplets,i,1.21872438130422,4.71031969144707,61116.3848011515
2026031600737,20260316,737,0.1407302626811669,BLOCK-T614_triplets,i,1.21879665101291,4.71058992747301,61116.393642244395
2026031600740,20260316,740,0.14207434460117277,BLOCK-T614_triplets,i,1.21875894024971,4.71057183237948,61116.3954206873
2026031600743,20260316,743,0.1434065061934814,BLOCK-T614_triplets,i,1.21877899868196,4.71058159791792,61116.3971850014
2026031600746,20260316,746,0.1447361093211334,BLOCK-T614_triplets,i,1.21876693566863,4.71057646833786,61116.39894874625
2026031600749,20260316,749,0.1460606940225382,BLOCK-T614_triplets,i,1.21877492079067,4.71057382825679,61116.4007249876
2026031600752,20260316,752,0.14736613812534535,BLOCK-T614_triplets,i,1.21879500244865,4.71058908770911,61116.4025087054
2026031600755,20260316,755,0.14866583308552206,BLOCK-T614_triplets,i,1.21876581021404,4.71057221802684,61116.40428452715
2026031600758,20260316,758,0.1499301377720081,BLOCK-T614_triplets,i,1.21877887738184,4.7105797269347,61116.4060403817
2026031600761,20260316,761,0.15118513309526027,BLOCK-T614_triplets,i,1.21879148386775,4.71058699950537,61116.4078152853
2026031600764,20260316,764,0.1524118159179776,BLOCK-T614_triplets,i,1.21879411691619,4.71058850877558,61116.4095626001
2026031600767,20260316,767,0.1536444749549811,BLOCK-T614_triplets,i,1.21879216346243,4.71058740914488,61116.41134456195
2026031700064,20260317,64,14.115445842229088,BLOCK-T614_triplets,i,1.22258346969746,6.27104502678413,61117.06976520315
2026031700067,20260317,67,14.116437180173534,BLOCK-T614_triplets,i,1.22258346928189,6.27103833264594,61117.0715786047
2026031700070,20260317,70,14.11265788595177,BLOCK-T614_triplets,i,1.22258307726132,6.27093840544568,61117.073373464256
2026031700073,20260317,73,14.114939041072155,BLOCK-T614_triplets,i,1.22258313576427,6.27095437188604,61117.0751667754
2026031700076,20260317,76,14.118987194795217,BLOCK-T614_triplets,i,1.22258349670948,6.2710304558584,61117.076955707846
2026031700079,20260317,79,14.120841084259176,BLOCK-T614_triplets,i,1.22258340394513,6.27103679333254,61117.0787436243
2026031700082,20260317,82,14.12053096457849,BLOCK-T614_triplets,i,1.22258337180776,6.27102110416052,61117.080548547296
2026031700085,20260317,85,14.123068693107836,BLOCK-T614_triplets,i,1.22258337162306,6.271029500065,61117.082345727045
2026031700088,20260317,88,14.121120470292864,BLOCK-T614_triplets,i,1.2225832017013,6.27098601493386,61117.084160889644
2026031700091,20260317,91,14.121660907168913,BLOCK-T614_triplets,i,1.22258320137808,6.27096526586502,61117.08594069345
2026031700094,20260317,94,14.128773875826422,BLOCK-T614_triplets,i,1.22258363417064,6.2710848076618,61117.087742082
2026031700097,20260317,97,14.128011013338993,BLOCK-T614_triplets,i,1.22258346046259,6.27104709616029,61117.08953039395
2026031700110,20260317,110,-15.118375466336177,BLOCK-T614_triplets,i,1.21876514196903,4.71049135893854,61117.10984590135
2026031700113,20260317,113,-15.117400879778351,BLOCK-T614_triplets,i,1.21878104890801,4.71049877203194,61117.111606270555
2026031700116,20260317,116,-15.116418701733327,BLOCK-T614_triplets,i,1.21877691182115,4.7104963557299,61117.11337209535
2026031700119,20260317,119,-15.115446095350306,BLOCK-T614_triplets,i,1.21877960554274,4.71049796990394,61117.115126289296
2026031700122,20260317,122,-15.114420733566275,BLOCK-T614_triplets,i,1.21876806369976,4.71049310613252,61117.1168959206
2026031700125,20260317,125,-15.11339096175077,BLOCK-T614_triplets,i,1.21878708533225,4.71050228319837,61117.11865493985
2026031700128,20260317,128,-15.112340318168375,BLOCK-T614_triplets,i,1.21876447858156,4.71048899931835,61117.1204153077
2026031700131,20260317,131,-15.111272656193298,BLOCK-T614_triplets,i,1.2187715618254,4.71049494130416,61117.1221835626
2026031700134,20260317,134,-15.110215799677988,BLOCK-T614_triplets,i,1.21878374152142,4.71049822163204,61117.123938821795
2026031700137,20260317,137,-15.10912402460904,BLOCK-T614_triplets,i,1.21877763777492,4.71049832525758,61117.12571394955
2026031700140,20260317,140,-15.10797898183711,BLOCK-T614_triplets,i,1.21877926140501,4.71049747148383,61117.127465020356
2026031700143,20260317,143,-15.106864907901816,BLOCK-T614_triplets,i,1.2187670416758,4.71049036428234,61117.1292315904
2026031700156,20260317,156,14.908733370692596,BLOCK-T614_triplets,i,1.21877973709358,4.71066480646452,61117.138910638096
2026031700159,20260317,159,14.90995161054596,BLOCK-T614_triplets,i,1.21877194382614,4.71066031590438,61117.1406677695
2026031700162,20260317,162,14.91118258007863,BLOCK-T614_triplets,i,1.21878541261878,4.71066804786537,61117.14240963195
2026031700165,20260317,165,14.912439322118656,BLOCK-T614_triplets,i,1.21878793480251,4.71067128813567,61117.1441657542
2026031700168,20260317,168,14.913701274538894,BLOCK-T614_triplets,i,1.21877904138404,4.71066433684784,61117.145946124554
2026031700171,20260317,171,14.915020255702135,BLOCK-T614_triplets,i,1.21878021984683,4.71066498108372,61117.14771841935
2026031700174,20260317,174,14.916329173327894,BLOCK-T614_triplets,i,1.21878990843448,4.71067238533825,61117.1494924899
2026031700177,20260317,177,14.917634812151125,BLOCK-T614_triplets,i,1.21878123129686,4.71066541406017,61117.15123434925
2026031700180,20260317,180,14.9189800318478,BLOCK-T614_triplets,i,1.21878643847522,4.71067022469555,61117.152996624645
2026031700183,20260317,183,14.920323499110719,BLOCK-T614_triplets,i,1.21879082504231,4.71067084159257,61117.15475557655
2026031700186,20260317,186,14.92167943073819,BLOCK-T614_triplets,i,1.21878562165025,4.71066783832749,61117.15651613995
2026031700189,20260317,189,14.923036176524176,BLOCK-T614_triplets,i,1.21879317467234,4.71067218250659,61117.1582558438
2026031700202,20260317,202,-0.07484239557181907,BLOCK-T614_triplets,i,1.21875050288645,4.71056309695245,61117.1665936331
2026031700205,20260317,205,-0.07339337438615438,BLOCK-T614_triplets,i,1.21878247597372,4.71057974626022,61117.16835902015
2026031700208,20260317,208,-0.0719424296286551,BLOCK-T614_triplets,i,1.21878938878789,4.71058192763831,61117.17010950935
2026031700211,20260317,211,-0.0704577197076394,BLOCK-T614_triplets,i,1.21877925923481,4.71057609256692,61117.171870149
2026031700214,20260317,214,-0.06898924983433055,BLOCK-T614_triplets,i,1.21878736713456,4.71058439476389,61117.1736334066
2026031700217,20260317,217,-0.06748737156054928,BLOCK-T614_triplets,i,1.21877666783567,4.71057819681039,61117.17539220545
2026031700220,20260317,220,-0.06596896310585927,BLOCK-T614_triplets,i,1.21876887512232,4.71057373916478,61117.1771550762
2026031700223,20260317,223,-0.06445890364899659,BLOCK-T614_triplets,i,1.21877937831857,4.71058162852972,61117.1789198388
2026031700226,20260317,226,-0.06293163056092071,BLOCK-T614_triplets,i,1.21878716198174,4.71058249309513,61117.1806707516
2026031700229,20260317,229,-0.061397081456432565,BLOCK-T614_triplets,i,1.21878614203563,4.71058373171971,61117.18242032035
2026031700232,20260317,232,-0.05983519497300088,BLOCK-T614_triplets,i,1.21877227046377,4.71057567158975,61117.184174489754
2026031700235,20260317,235,-0.05827271723314429,BLOCK-T614_triplets,i,1.21878463162514,4.71058101114451,61117.1859326777
2026031700248,20260317,248,59.96552887302902,BLOCK-T614_triplets,i,1.21872755606137,4.71087637089838,61117.19455196825
2026031700251,20260317,251,59.96715400553123,BLOCK-T614_triplets,i,1.21875014023279,4.71088764902159,61117.19631511405
2026031700254,20260317,254,59.968798638445186,BLOCK-T614_triplets,i,1.21872209626293,4.7108713732848,61117.198083458396
2026031700257,20260317,257,59.97054162932776,BLOCK-T614_triplets,i,1.21842260339467,4.71069618015786,61117.19989336125
2026031700260,20260317,260,59.972144157761946,BLOCK-T614_triplets,i,1.21872710581489,4.7108743309937,61117.2016506293
2026031700263,20260317,263,59.97381237451171,BLOCK-T614_triplets,i,1.21872383302027,4.71087241562981,61117.20341662865
2026031700266,20260317,266,59.97548179802673,BLOCK-T614_triplets,i,1.21872389674093,4.71087429810485,61117.205174297
2026031700269,20260317,269,59.97716232981663,BLOCK-T614_triplets,i,1.21873263353587,4.71087754428488,61117.2069393262
2026031700272,20260317,272,59.978865713313624,BLOCK-T614_triplets,i,1.21873689233843,4.71088003039862,61117.2087128875
2026031700275,20260317,275,59.980561833174086,BLOCK-T614_triplets,i,1.21873546434923,4.71087921609147,61117.210471287995
2026031700278,20260317,278,59.98226001797194,BLOCK-T614_triplets,i,1.21873201941648,4.71087726917486,61117.21222872195
2026031700281,20260317,281,59.98397557367699,BLOCK-T614_triplets,i,1.21871630484,4.71086995500492,61117.21398815015
2026031700294,20260317,294,-60.035743267657715,BLOCK-T614_triplets,i,1.21868826156275,4.71029973459794,61117.22462893105
2026031700297,20260317,297,-60.034003158800886,BLOCK-T614_triplets,i,1.21871665465719,4.7103142941539,61117.22639461545
2026031700300,20260317,300,-60.03222668672929,BLOCK-T614_triplets,i,1.21871660742078,4.71031430217055,61117.2281404652
2026031700303,20260317,303,-60.030455637810356,BLOCK-T614_triplets,i,1.21871780070556,4.71031499404385,61117.229905693006
2026031700306,20260317,306,-60.028681748119354,BLOCK-T614_triplets,i,1.21872411140567,4.71032045531301,61117.2316762002
2026031700309,20260317,309,-60.026920543433924,BLOCK-T614_triplets,i,1.21872120103384,4.7103188400598,61117.23341082475
2026031700312,20260317,312,-60.02513676532474,BLOCK-T614_triplets,i,1.21872933322132,4.71032172340909,61117.235168872954
2026031700315,20260317,315,-60.02336912674124,BLOCK-T614_triplets,i,1.21872832994416,4.71031931350495,61117.2369092429
2026031700318,20260317,318,-60.02157087173388,BLOCK-T614_triplets,i,1.21871588520714,4.71031579090451,61117.2386787744
2026031700321,20260317,321,-60.01978727703331,BLOCK-T614_triplets,i,1.21871968231197,4.71031619212267,61117.240423431955
2026031700324,20260317,324,-60.017986688615665,BLOCK-T614_triplets,i,1.21871204871556,4.71031176042841,61117.2421838128
2026031700327,20260317,327,-60.016178941739255,BLOCK-T614_triplets,i,1.21872153353563,4.71031724464267,61117.24394545905
2026032400024,20260324,24,-15.041873667415938,BLOCK-T614_triplets,i,1.22640775905778,1.56895329378182,61124.06039432875
2026032400027,20260324,27,-15.040189899189075,BLOCK-T614_triplets,i,1.22641318487188,1.56894827664692,61124.0621577926
2026032400030,20260324,30,-15.038483363641555,BLOCK-T614_triplets,i,1.22639523337706,1.56895888148673,61124.06392406865
2026032400033,20260324,33,-15.036785434618983,BLOCK-T614_triplets,i,1.22640545181584,1.56895473148026,61124.0656816407
2026032400036,20260324,36,-15.035094396266896,BLOCK-T614_triplets,i,1.2264000010214,1.56895791255064,61124.06742084905
2026032400039,20260324,39,-15.033368096066686,BLOCK-T614_triplets,i,1.22639726431145,1.56895957689302,61124.0691810938
2026032400042,20260324,42,-15.031655735972285,BLOCK-T614_triplets,i,1.2264336386031,1.56893821497403,61124.0709433167
2026032400045,20260324,45,-15.029903444444317,BLOCK-T614_triplets,i,1.22641968567196,1.56894456422262,61124.072716432
2026032400048,20260324,48,-15.02817515223954,BLOCK-T614_triplets,i,1.22642697697761,1.56894208888767,61124.07447381095
2026032400051,20260324,51,-15.026408663751743,BLOCK-T614_triplets,i,1.22639446291118,1.56895937144696,61124.0762300926
2026032400054,20260324,54,-15.02464414987425,BLOCK-T614_triplets,i,1.22640303717227,1.5689561977573,61124.0780020496
2026032400057,20260324,57,-15.022870325789688,BLOCK-T614_triplets,i,1.22639201137427,1.56896269685567,61124.0797584868
2026032400060,20260324,60,-15.018639834944246,BLOCK-T614_triplets,i,1.22643470643205,1.56893758549317,61124.0840036119
2026032400063,20260324,63,-15.016840152754156,BLOCK-T614_triplets,i,1.22642706110735,1.56894205666689,61124.08577738165
2026032400066,20260324,66,-15.015023105988627,BLOCK-T614_triplets,i,1.22638154774948,1.56896514320733,61124.08752522755
2026032400069,20260324,69,-15.013258611365185,BLOCK-T614_triplets,i,1.22639622935866,1.56896012559066,61124.08927473095
2026032400072,20260324,72,-15.01145129507713,BLOCK-T614_triplets,i,1.22640026523126,1.56895593343893,61124.09104207415
2026032400075,20260324,75,-15.009656318986908,BLOCK-T614_triplets,i,1.22642173909328,1.56894518137016,61124.09280560865
2026032400078,20260324,78,-15.007846758855557,BLOCK-T614_triplets,i,1.22640224454268,1.56895658989891,61124.094567041146
2026032400081,20260324,81,-15.006021232491051,BLOCK-T614_triplets,i,1.2263874165145,1.56896161189006,61124.09633311365
2026032400084,20260324,84,-15.004184949777553,BLOCK-T614_triplets,i,1.22641811869785,1.56894541774586,61124.0980957322
2026032400578,20260324,578,-14.809716763559726,BLOCK-T614_triplets,i,1.22641197764244,1.56895145991417,61124.347547404555
2026032400581,20260324,581,-14.809431363547862,BLOCK-T614_triplets,i,1.22641490071223,1.5689497653359,61124.3493065427
2026032400584,20260324,584,-14.809094446325298,BLOCK-T614_triplets,i,1.22640450491762,1.56895586999944,61124.3510571349
2026032500216,20260325,216,-0.8665250059975026,BLOCK-T710,i,1.2225837665517,6.27090228151552,61125.0860316832
2026032500219,20260325,219,-2.3879600437416215,BLOCK-T710,i,1.22233009248491,6.24063296256064,61125.087701096505
2026032500222,20260325,222,-3.8961014770124347,BLOCK-T710,i,1.22180630806914,6.21062451484893,61125.08936115845
2026032500225,20260325,225,-5.39486038293267,BLOCK-T710,i,1.22101446944999,6.18079301566109,61125.09101797805
2026032500228,20260325,228,-6.894348519995085,BLOCK-T710,i,1.21994817394796,6.15091010049996,61125.092684302246
2026032500231,20260325,231,-8.362177668375288,BLOCK-T710,i,1.21863442097586,6.12162604610023,61125.09432790805
2026032500234,20260325,234,-0.8590059533479244,BLOCK-T710,i,1.22258363509321,6.27087708676824,61125.097711259805
2026032500237,20260325,237,-2.3725748732785417,BLOCK-T710,i,1.22233191434166,6.24077544110589,61125.099373961
2026032500240,20260325,240,-3.8773498519034892,BLOCK-T710,i,1.2218103546542,6.21083992790029,61125.10102975925
2026032500243,20260325,243,-5.40147352787979,BLOCK-T710,i,1.22100524168276,6.18049755349573,61125.1027140195
2026032500246,20260325,246,-6.895670897520812,BLOCK-T710,i,1.21994009832412,6.15070936686896,61125.10437498645
2026032500249,20260325,249,-8.362118687518933,BLOCK-T710,i,1.21862607112231,6.12145751849436,61125.10601623245
2026032500252,20260325,252,-9.84603556142143,BLOCK-T710,i,1.21701971893375,6.09182455267405,61125.10769313275
2026032500255,20260325,255,-11.297955932314796,BLOCK-T710,i,1.21516993785215,6.06278184765209,61125.1093501028
2026032500258,20260325,258,-12.724970752807511,BLOCK-T710,i,1.21307950254282,6.03417436577179,61125.110998877746
2026032500261,20260325,261,-14.149283231300425,BLOCK-T710,i,1.21071350119557,6.00558559788619,61125.1126671655
2026032500264,20260325,264,-15.535027864869347,BLOCK-T710,i,1.20813378154361,5.97770844437903,61125.11431319545
2026032500267,20260325,267,-16.910437303037785,BLOCK-T710,i,1.20529281656388,5.94997913803226,61125.1159735658
2026032500281,20260325,281,-0.11151799605482823,BLOCK-T614_triplets,i,1.04420975774318,4.7104142931803,61125.13625105625
2026032500284,20260325,284,-0.11041745995069563,BLOCK-T614_triplets,i,1.04422184933846,4.71042127688162,61125.138019789505
2026032500287,20260325,287,0.06733853314763696,BLOCK-T614_triplets,i,1.05187661291369,1.56883543615939,61125.1419292701
2026032500290,20260325,290,0.0691163817335659,BLOCK-T614_triplets,i,1.05184695796551,1.56885270258901,61125.143689465796
2026032500293,20260325,293,0.07084061128542599,BLOCK-T614_triplets,i,1.05187458391862,1.56883648738182,61125.145469835654
2026032500296,20260325,296,0.07260005489535423,BLOCK-T614_triplets,i,1.05186604428833,1.56884149665424,61125.147266526605
2026032500299,20260325,299,0.07432286909400006,BLOCK-T614_triplets,i,1.05184082369774,1.56885622646775,61125.14904131005
2026032500302,20260325,302,0.07601826993139994,BLOCK-T614_triplets,i,1.0518676937299,1.5688404765927,61125.1508024762
2026032500305,20260325,305,0.07771481484581737,BLOCK-T614_triplets,i,1.05186735748799,1.56884253704648,61125.15257207375
2026032500308,20260325,308,0.07940985461982501,BLOCK-T614_triplets,i,1.05186617777849,1.56884133312219,61125.154341756046
2026032500311,20260325,311,0.08111740915302222,BLOCK-T614_triplets,i,1.05185194914007,1.56884971328242,61125.156116304206
2026032500314,20260325,314,0.08278488343170609,BLOCK-T614_triplets,i,1.0518452296119,1.56885372240003,61125.15787571145
2026032500317,20260325,317,0.08444946493153997,BLOCK-T614_triplets,i,1.05188227172376,1.56883199156075,61125.1596541583
2026032500320,20260325,320,0.08612410683497501,BLOCK-T614_triplets,i,1.05183344396814,1.56885695185941,61125.1614162543
2026032500323,20260325,323,0.0879868652543647,BLOCK-T614_triplets,i,1.05184884589781,1.56885160195624,61125.163502426396
2026032500326,20260325,326,0.08971439411968826,BLOCK-T614_triplets,i,1.05184042576685,1.56885651433504,61125.165259580055
2026032500329,20260325,329,0.09132091095790844,BLOCK-T614_triplets,i,1.05185552031361,1.56884764126615,61125.16699949825
2026032500332,20260325,332,0.09294019988492208,BLOCK-T614_triplets,i,1.05184306777312,1.56885493632588,61125.16876043965
2026032500335,20260325,335,0.09456698187278792,BLOCK-T614_triplets,i,1.05183597247776,1.56885725537459,61125.17052589835
2026032500338,20260325,338,0.09617532614326244,BLOCK-T614_triplets,i,1.05184736263787,1.56885240903684,61125.172302341
2026032500341,20260325,341,0.0977754781650874,BLOCK-T614_triplets,i,1.05185356926091,1.56884879649312,61125.1740711484
2026032500344,20260325,344,0.0993538650537521,BLOCK-T614_triplets,i,1.05184835806538,1.56885185777618,61125.17582568265
2026032500347,20260325,347,0.10093031072177282,BLOCK-T614_triplets,i,1.05188132981237,1.56883257442553,61125.177601102056
2026032500350,20260325,350,0.102521864605637,BLOCK-T614_triplets,i,1.05183719669937,1.56885844471089,61125.17936649975
2026032500353,20260325,353,0.10407226633084486,BLOCK-T614_triplets,i,1.05187435720236,1.56883666451907,61125.18115749335
2026032500356,20260325,356,0.10561448839223472,BLOCK-T614_triplets,i,1.05183437863015,1.56886012362199,61125.1828957814
2026032500532,20260325,532,-0.005491602071578245,BLOCK-T614_triplets,i,0.869112562620456,4.71002719070421,61125.2929618313
2026032500535,20260325,535,-0.003765096865421653,BLOCK-T614_triplets,i,0.869634657561455,4.71032852884647,61125.29471774385
2026032500538,20260325,538,-0.001971863663584584,BLOCK-T614_triplets,i,0.869644994068152,4.71033456095542,61125.29648095845
2026032500541,20260325,541,-0.00024969484498043774,BLOCK-T614_triplets,i,0.869620405281749,4.71032029456623,61125.298266225
2026032500544,20260325,544,0.0014750099487704732,BLOCK-T614_triplets,i,0.86965546235656,4.71033881801123,61125.3000305511
2026032500547,20260325,547,0.0032761804752321315,BLOCK-T614_triplets,i,0.869642581040681,4.71033498986574,61125.301804568546
2026032500550,20260325,550,0.004975480719604874,BLOCK-T614_triplets,i,0.869642033920329,4.71033466276307,61125.30353987075
2026032500553,20260325,553,0.006740484015968439,BLOCK-T614_triplets,i,0.869638094367509,4.71033238736274,61125.305295989645
2026032500556,20260325,556,0.008530795887744124,BLOCK-T614_triplets,i,0.86964367648192,4.71033560339037,61125.307065459594
2026032500559,20260325,559,0.010318746052013494,BLOCK-T614_triplets,i,0.86963210282478,4.71032890306624,61125.30882647125
2026032500562,20260325,562,0.012092609452978352,BLOCK-T614_triplets,i,0.869645628596625,4.71033492494238,61125.31059238715
2026032500565,20260325,565,0.013844136800033255,BLOCK-T614_triplets,i,0.869648933620971,4.71033870140358,61125.31233676545
2026032500568,20260325,568,0.01594241850017734,BLOCK-T614_triplets,i,0.869639886718825,4.710331610017,61125.3144235208
2026032500571,20260325,571,0.017696461691665735,BLOCK-T614_triplets,i,0.869640033553386,4.71033353364806,61125.31618063785
2026032500574,20260325,574,0.01945631934064108,BLOCK-T614_triplets,i,0.869636912210766,4.71033169446167,61125.31794072975
2026032500577,20260325,577,0.021209771305152045,BLOCK-T614_triplets,i,0.869655811481126,4.71034077702348,61125.319696615654
2026032500580,20260325,580,0.02298175885553552,BLOCK-T614_triplets,i,0.869649302831397,4.71033705735336,61125.32145785625
2026032500583,20260325,583,0.02475000869937254,BLOCK-T614_triplets,i,0.869644939720894,4.71033636572414,61125.32323290035
2026032500586,20260325,586,0.026512618284481048,BLOCK-T614_triplets,i,0.869629021423008,4.71032691640038,61125.3249944966
2026032500589,20260325,589,0.02826572322522874,BLOCK-T614_triplets,i,0.869659333709804,4.71034458930909,61125.3267495741
2026032500592,20260325,592,0.030026252499483635,BLOCK-T614_triplets,i,0.869651911730632,4.7103384660685,61125.3285147171
2026032500595,20260325,595,0.03178253071545011,BLOCK-T614_triplets,i,0.869646561734882,4.71033716943236,61125.330282484196
2026032500598,20260325,598,0.033533137600504304,BLOCK-T614_triplets,i,0.869601872774573,4.71031116841385,61125.33203359475
2026032500601,20260325,601,0.03527397246705344,BLOCK-T614_triplets,i,0.869630556121224,4.71032780725116,61125.33379270865
2026032500605,20260325,605,0.009683247240642637,BLOCK-T614_triplets,i,0.695034754251805,4.71025898432554,61125.339687923755
2026032500608,20260325,608,0.011427694486281744,BLOCK-T614_triplets,i,0.695066075495207,4.71028088255105,61125.3414653773
2026032500611,20260325,611,0.013121472518346614,BLOCK-T614_triplets,i,0.695085133790168,4.71029005063671,61125.343213589
2026032500614,20260325,614,0.01488122257342617,BLOCK-T614_triplets,i,0.695056346412618,4.71027508327197,61125.34499972195
2026032500617,20260325,617,0.016610474934980347,BLOCK-T614_triplets,i,0.695039030600629,4.71026500795534,61125.346778564795
2026032500620,20260325,620,0.018362650126889504,BLOCK-T614_triplets,i,0.695077210172419,4.71028722305071,61125.3485627163
2026032500623,20260325,623,0.020075899501047174,BLOCK-T614_triplets,i,0.695083560028419,4.71029080084915,61125.35033327545
2026032500626,20260325,626,0.02178108102873817,BLOCK-T614_triplets,i,0.695076859200877,4.7102869444912,61125.3520820331
2026032500629,20260325,629,0.02350137093745534,BLOCK-T614_triplets,i,0.695089115454031,4.71029561803018,61125.3538487223
2026032500632,20260325,632,0.025210746113325296,BLOCK-T614_triplets,i,0.695094846850246,4.71029890638113,61125.355605958845
2026032500635,20260325,635,0.02691013796931343,BLOCK-T614_triplets,i,0.695092626092937,4.71029752258315,61125.357364130454
2026032500638,20260325,638,0.028634614173728725,BLOCK-T614_triplets,i,0.695083265528156,4.71029024644736,61125.3591224719
2026032500641,20260325,641,0.030647904539158426,BLOCK-T614_triplets,i,0.695063946486413,4.71028082878551,61125.361203092456
2026032500644,20260325,644,0.03236786396702625,BLOCK-T614_triplets,i,0.695054687274419,4.71027547957608,61125.36298138355
2026032500647,20260325,647,0.034061128817923426,BLOCK-T614_triplets,i,0.695066376921629,4.71028042858868,61125.3647503029
2026032500650,20260325,650,0.035778770653297036,BLOCK-T614_triplets,i,0.69501971003513,4.71025509946608,61125.3665307107
2026032500653,20260325,653,0.03750260367260986,BLOCK-T614_triplets,i,0.695053954255971,4.71027309136445,61125.36831902765
2026032500656,20260325,656,0.039196799935621925,BLOCK-T614_triplets,i,0.695051324070341,4.71027343411498,61125.3700870507
2026032500659,20260325,659,0.04090422894807035,BLOCK-T614_triplets,i,0.695094880419027,4.71029510457884,61125.3718726387
2026032500662,20260325,662,0.04259449590201703,BLOCK-T614_triplets,i,0.695072607509179,4.71028222025327,61125.373641294296
2026032500665,20260325,665,0.04426035207683122,BLOCK-T614_triplets,i,0.695066241076572,4.71028219599132,61125.375393406255
2026032500668,20260325,668,0.045928708541131645,BLOCK-T614_triplets,i,0.695089468595768,4.71029382549841,61125.377168218154
2026032500671,20260325,671,0.047611230956938144,BLOCK-T614_triplets,i,0.695066863599704,4.71028251345858,61125.3789259533
2026032500674,20260325,674,0.04927888131705187,BLOCK-T614_triplets,i,0.695027110589385,4.71025755659011,61125.38069359815
2026032600429,20260326,429,-0.28565741557081453,BLOCK-T614_triplets,i,0.524350476725565,6.2787804947492,61126.21981447445
2026032600432,20260326,432,-0.28304886960044306,BLOCK-T614_triplets,i,0.524350561963489,6.27879266027373,61126.22157761945
2026032600435,20260326,435,-0.2809681667786782,BLOCK-T614_triplets,i,0.524350580110025,6.27879937404888,61126.2233512143
2026032600438,20260326,438,-0.27924539344355054,BLOCK-T614_triplets,i,0.524350539845956,6.27879961240946,61126.225129469254
2026032600441,20260326,441,-0.27740567072295863,BLOCK-T614_triplets,i,0.524350553190356,6.27879646444633,61126.2269066193
2026032600444,20260326,444,-0.27477593036888687,BLOCK-T614_triplets,i,0.524350547741777,6.2788090885582,61126.228688885094
2026032700108,20260327,108,-0.865299276834545,BLOCK-T710,i,1.22258388665221,6.2709328217175,61127.0797086408
2026032700111,20260327,111,-2.376986325195152,BLOCK-T710,i,1.22233324467295,6.24087280764315,61127.0813660344
2026032700114,20260327,114,-3.8956372117738405,BLOCK-T710,i,1.22180709668248,6.21066516761799,61127.08303778675
2026032700117,20260327,117,-0.870807777142083,BLOCK-T710,i,1.22258311664807,6.27074698191383,61127.084860703995
2026032700120,20260327,120,-2.390902393574313,BLOCK-T710,i,1.2223286748397,6.24053048165414,61127.0865304444
2026032700123,20260327,123,-3.887704828536627,BLOCK-T710,i,1.2218084793746,6.21073125065905,61127.0881758918
2026032700126,20260327,126,-0.8588909032093205,BLOCK-T710,i,1.22258373764745,6.27090447183833,61127.08995286585
2026032700129,20260327,129,-2.366612422332912,BLOCK-T710,i,1.22233379156243,6.24092872257864,61127.09160647105
2026032700132,20260327,132,-3.8711124453082624,BLOCK-T710,i,1.22181398193054,6.21098256003694,61127.0932633753
2026032700135,20260327,135,-0.8582094029619918,BLOCK-T710,i,1.22258352958565,6.27083901737242,61127.09505986835
2026032700138,20260327,138,-2.372231026780065,BLOCK-T710,i,1.22233128410833,6.24072715953217,61127.09672178445
2026032700141,20260327,141,-3.8761575270685027,BLOCK-T710,i,1.2218105003815,6.21082309803458,61127.0983762247
2026032700144,20260327,144,-0.8485848385213209,BLOCK-T710,i,1.22258390396761,6.27095605384888,61127.100168303
2026032700147,20260327,147,-2.3489320480193,BLOCK-T710,i,1.22233622462958,6.24110594149117,61127.101814969195
2026032700150,20260327,150,-3.8602763185579883,BLOCK-T710,i,1.22181550037537,6.21105461920526,61127.10347761035
2026032700155,20260327,155,0.09607740081585038,BLOCK-T614_triplets,i,0.52816719756028,1.56868084267856,61127.10788711055
2026032700158,20260327,158,0.09742124390595189,BLOCK-T614_triplets,i,0.528178332560712,1.56867434076664,61127.10965537185
2026032700161,20260327,161,0.09878814568944755,BLOCK-T614_triplets,i,0.528177474963757,1.56867481667845,61127.1114306236
2026032700164,20260327,164,0.1001355805471539,BLOCK-T614_triplets,i,0.528160483850083,1.56868475006559,61127.113198316656
2026032700167,20260327,167,0.10144930941509654,BLOCK-T614_triplets,i,0.52816171998469,1.56868403269059,61127.11496432879
2026032700170,20260327,170,0.10275041097469763,BLOCK-T614_triplets,i,0.528175839005104,1.5686758695389,61127.116724424995
2026032700173,20260327,173,0.10406085144070248,BLOCK-T614_triplets,i,0.528189234241947,1.56866801040343,61127.118490003006
2026032700176,20260327,176,0.10531717119789219,BLOCK-T614_triplets,i,0.528191314629109,1.568666799638,61127.120251394954
2026032700179,20260327,179,0.1065842900821932,BLOCK-T614_triplets,i,0.528170042272126,1.56867928790998,61127.1219985068
2026032700182,20260327,182,0.1078800656809314,BLOCK-T614_triplets,i,0.528186569194654,1.56867140360684,61127.12377356815
2026032700185,20260327,185,0.10911859541398858,BLOCK-T614_triplets,i,0.528175861307335,1.56867404603894,61127.125529765704
2026032700188,20260327,188,0.11033466828931812,BLOCK-T614_triplets,i,0.528154310795824,1.56868850357525,61127.1272714589
2026032700191,20260327,191,0.11236821976017894,BLOCK-T614_triplets,i,0.528174410000067,1.56867671656788,61127.13032385315
2026032700194,20260327,194,0.11365254669199049,BLOCK-T614_triplets,i,0.528173863064414,1.56867527083352,61127.13209481605
2026032700197,20260327,197,0.11481168993232896,BLOCK-T614_triplets,i,0.52838908591547,1.56855128241403,61127.13390001815
2026032700200,20260327,200,0.11607075765738645,BLOCK-T614_triplets,i,0.528177141353787,1.56867707519757,61127.13567102415
2026032700203,20260327,203,0.11721378033650584,BLOCK-T614_triplets,i,0.528183732009233,1.56867136890012,61127.1374362684
2026032700206,20260327,206,0.11835942990911613,BLOCK-T614_triplets,i,0.528170116289674,1.56867937580412,61127.1391969551
2026032700209,20260327,209,0.11948650959145664,BLOCK-T614_triplets,i,0.528162495575927,1.56868387395697,61127.1409536196
2026032700212,20260327,212,0.1206471916013742,BLOCK-T614_triplets,i,0.528166223326815,1.56867978453791,61127.142733788496
2026032700215,20260327,215,0.12175370027409178,BLOCK-T614_triplets,i,0.528192248690854,1.56866644181769,61127.1445185027
2026032700218,20260327,218,0.12284764035864415,BLOCK-T614_triplets,i,0.528164833062094,1.56868250326313,61127.14628523475
2026032700221,20260327,221,0.12392083206047586,BLOCK-T614_triplets,i,0.528155624411058,1.5686879073558,61127.148046704155
2026032700224,20260327,224,0.12496332660735902,BLOCK-T614_triplets,i,0.528167131022983,1.56867935888436,61127.14979143115
2026032700228,20260327,228,-3.0102695206118133,BLOCK-T614_triplets,i,1.04730319339365,6.22509101543401,61127.1584934185
2026032700240,20260327,240,-0.5544995506899801,BLOCK-T614_triplets,i,1.0480224677115,6.27449134098146,61127.16750791855
2026032700243,20260327,243,-0.5535173807838575,BLOCK-T614_triplets,i,1.04802240214387,6.27446864901076,61127.16927585875
2026032700246,20260327,246,-0.551294571176128,BLOCK-T614_triplets,i,1.04802247223659,6.27447896074162,61127.17106889705
2026032700249,20260327,249,-0.5512045630327331,BLOCK-T614_triplets,i,1.04802233348255,6.27445383411664,61127.17284620615
2026032700252,20260327,252,-0.5480993143493933,BLOCK-T614_triplets,i,1.04802243963747,6.27448103622663,61127.17463706285
2026032700255,20260327,255,-0.5466196150634859,BLOCK-T614_triplets,i,1.04802251559434,6.27447166770532,61127.176419937794
2026032700258,20260327,258,-0.5433847204661412,BLOCK-T614_triplets,i,1.04802259949321,6.27450492720758,61127.17820687
2026032700261,20260327,261,-0.5434749364963777,BLOCK-T614_triplets,i,1.04802248387254,6.27447915466373,61127.1799806571
2026032700264,20260327,264,-0.5397728045378368,BLOCK-T614_triplets,i,1.04802264659109,6.27451208453884,61127.181775793695
2026032700267,20260327,267,-0.5394178400833941,BLOCK-T614_triplets,i,1.0480225021576,6.2744978921881,61127.183545906446
2026032700270,20260327,270,-0.5370726124101333,BLOCK-T614_triplets,i,1.04802256204578,6.27450685571414,61127.1853351992
2026032700273,20260327,273,-0.5359317480118743,BLOCK-T614_triplets,i,1.04802250566685,6.27449783630276,61127.18708935015
2026032700276,20260327,276,-0.5344019998263471,BLOCK-T614_triplets,i,1.04802251360885,6.2744842685959,61127.18919772505
2026032700279,20260327,279,-0.5326235477386086,BLOCK-T614_triplets,i,1.04802239771113,6.27450026546486,61127.190959314656
2026032700282,20260327,282,-0.5327114564002153,BLOCK-T614_triplets,i,1.04802236183362,6.27445647151905,61127.19274393135
2026032700285,20260327,285,-0.5307787593503549,BLOCK-T614_triplets,i,1.04802246198588,6.27446480911007,61127.19452037965
2026032700288,20260327,288,-0.5300079019983529,BLOCK-T614_triplets,i,1.0480222879546,6.27444539783981,61127.19630266295
2026032700291,20260327,291,-0.527276925060697,BLOCK-T614_triplets,i,1.04802237231521,6.27446149690187,61127.1980889878
2026032700294,20260327,294,-0.5256913663497521,BLOCK-T614_triplets,i,1.04802235546156,6.27446539183996,61127.199873014746
2026032700297,20260327,297,-0.5225430965907732,BLOCK-T614_triplets,i,1.04802250797557,6.2744864780708,61127.201654616045
2026032700322,20260327,322,-0.2844728122531077,BLOCK-T614_triplets,i,0.524350511793167,6.27879124177441,61127.21771032525
2026032700325,20260327,325,-0.2828182810883314,BLOCK-T614_triplets,i,0.524350506483113,6.27878519426809,61127.21947510445
2026032700328,20260327,328,-0.2808980814550895,BLOCK-T614_triplets,i,0.524350494708644,6.27879107020643,61127.221240641054
2026032700331,20260327,331,-0.27949784081735335,BLOCK-T614_triplets,i,0.524350495632131,6.27878362539328,61127.22302974175
2026032700334,20260327,334,-0.27790574497830295,BLOCK-T614_triplets,i,0.524350477901165,6.2787798843711,61127.224800534896
2026032700337,20260327,337,-0.2746041467837556,BLOCK-T614_triplets,i,0.524350554689177,6.27879724268392,61127.226590762
2026032700340,20260327,340,-0.2728385853245589,BLOCK-T614_triplets,i,0.524350518904025,6.27880241764672,61127.2283535031
2026032700343,20260327,343,-0.27226443794302957,BLOCK-T614_triplets,i,0.5243504013902,6.2787794092494,61127.230133772304
2026032700346,20260327,346,-0.27021707115229854,BLOCK-T614_triplets,i,0.524350465572603,6.27878219120213,61127.2319217987
2026032700349,20260327,349,-0.2680480217054138,BLOCK-T614_triplets,i,0.524350451027669,6.27878538208134,61127.2337034429
2026032700352,20260327,352,-0.26562189005378345,BLOCK-T614_triplets,i,0.52435058207059,6.27880235324369,61127.2354804553
2026032700355,20260327,355,-0.26488154678980225,BLOCK-T614_triplets,i,0.524350488336578,6.27878625757332,61127.23725851265
2026032700358,20260327,358,-0.26294578630973126,BLOCK-T614_triplets,i,0.524350484596452,6.2787747202385,61127.239366728696
2026032700361,20260327,361,-0.26075904975952,BLOCK-T614_triplets,i,0.524350460539595,6.27878076022921,61127.24112768215
2026032700364,20260327,364,-0.2586129533443647,BLOCK-T614_triplets,i,0.524350514055713,6.27879320257885,61127.242918486896
2026032700367,20260327,367,-0.25690811557517046,BLOCK-T614_triplets,i,0.524350506944858,6.27878749805432,61127.24468218215
2026032700370,20260327,370,-0.25587419541496714,BLOCK-T614_triplets,i,0.524350433435227,6.27877753036515,61127.2464616089
2026032700373,20260327,373,-0.2529951797298938,BLOCK-T614_triplets,i,0.52435055325777,6.27879249142832,61127.248224735755
2026032700376,20260327,376,-0.25138832421612106,BLOCK-T614_triplets,i,0.524350484227057,6.27879092636914,61127.25001119875
2026032700379,20260327,379,-0.25044729483842504,BLOCK-T614_triplets,i,0.524350463356232,6.27877931326151,61127.2517854567
2026032700382,20260327,382,-0.24920866011588913,BLOCK-T614_triplets,i,0.524350419121165,6.2787678049678,61127.2535683695
2026032700385,20260327,385,-0.2468653656876798,BLOCK-T614_triplets,i,0.524350409055148,6.27878432029851,61127.2553624272
2026032700388,20260327,388,-0.24540185728887154,BLOCK-T614_triplets,i,0.524350471898494,6.27877690423741,61127.25715767195
2026032700391,20260327,391,-0.24380734014846406,BLOCK-T614_triplets,i,0.524350467188706,6.27877545676868,61127.25894688355
2026032700394,20260327,394,-0.28480552669452464,BLOCK-T614_triplets,i,0.698903835762962,6.27780749030507,61127.261268172544
2026032700397,20260327,397,-0.2835087895774607,BLOCK-T614_triplets,i,0.698903823803795,6.27779770036981,61127.2630400789
2026032700400,20260327,400,-0.28193506217012043,BLOCK-T614_triplets,i,0.698903814753616,6.27780442038869,61127.26483066325
2026032700403,20260327,403,-0.2821751346243687,BLOCK-T614_triplets,i,0.698903699964081,6.27776249819694,61127.26658811905
2026032700406,20260327,406,-0.28025309562410405,BLOCK-T614_triplets,i,0.698903713677874,6.27776895881153,61127.2683699662
2026032700409,20260327,409,-0.27737702146818805,BLOCK-T614_triplets,i,0.698903764331181,6.27779381757232,61127.2701548012
2026032700412,20260327,412,-0.27643280657318325,BLOCK-T614_triplets,i,0.698903750617387,6.27779102463523,61127.27195721465
2026032700415,20260327,415,-0.2757458111393268,BLOCK-T614_triplets,i,0.69890370901426,6.27777125315508,61127.273739033946
2026032700418,20260327,418,-0.2732306232681482,BLOCK-T614_triplets,i,0.698903819509577,6.27779171867327,61127.2755205923
2026032700421,20260327,421,-0.2718205529598427,BLOCK-T614_triplets,i,0.69890373223998,6.27778856375337,61127.2772894588
2026032700424,20260327,424,-0.27145801330858477,BLOCK-T614_triplets,i,0.698903700564348,6.27777126974723,61127.27907015695
2026032700427,20260327,427,-0.2685738667150049,BLOCK-T614_triplets,i,0.69890385497151,6.27779397443667,61127.2808328685
2026032700430,20260327,430,-0.26734006702587726,BLOCK-T614_triplets,i,0.698903675953398,6.2777838128832,61127.2829279284
2026032700433,20260327,433,-0.26680295205702537,BLOCK-T614_triplets,i,0.698903705366484,6.27777491100445,61127.28467844339
2026032700436,20260327,436,-0.2640391435034512,BLOCK-T614_triplets,i,0.698903708460169,6.2777910687461,61127.2864613237
2026032700439,20260327,439,-0.26225833557543354,BLOCK-T614_triplets,i,0.698903844628446,6.2778012333829,61127.28825214745
2026032700442,20260327,442,-0.262550550735258,BLOCK-T614_triplets,i,0.69890364769467,6.27777346099198,61127.2900299413
2026032700445,20260327,445,-0.2597300241845932,BLOCK-T614_triplets,i,0.698903875888508,6.27780274531248,61127.29181814385
2026032700448,20260327,448,-0.2602084750879043,BLOCK-T614_triplets,i,0.698903803533238,6.27775923936887,61127.29360829985
2026032700451,20260327,451,-0.2578854873321952,BLOCK-T614_triplets,i,0.698903709152784,6.27778051680465,61127.2953942075
2026032700454,20260327,454,-0.25685078207682777,BLOCK-T614_triplets,i,0.698903710399493,6.2777773273322,61127.2971802709
2026032700457,20260327,457,-0.2566990364920142,BLOCK-T614_triplets,i,0.69890362539244,6.27775056074241,61127.29895608725
2026032700460,20260327,460,-0.25340632117494233,BLOCK-T614_triplets,i,0.698903782662414,6.27778963711796,61127.300714226294
2026032700463,20260327,463,-0.2534744541792237,BLOCK-T614_triplets,i,0.698903704904739,6.27777094884979,61127.302503819796
2026032700466,20260327,466,-0.32120631706615393,BLOCK-T614_triplets,i,0.873461497447345,6.27643706954809,61127.305467654005
2026032700469,20260327,469,-0.3201246114587655,BLOCK-T614_triplets,i,0.873461521965947,6.27644175869389,61127.307254162544
2026032700472,20260327,472,-0.317490593193457,BLOCK-T614_triplets,i,0.873461630568114,6.27646509101419,61127.309024632705
2026032700475,20260327,475,-0.3166561040130517,BLOCK-T614_triplets,i,0.873461614822647,6.27646230725,61127.3108061493
2026032700478,20260327,478,-0.31519395682705686,BLOCK-T614_triplets,i,0.873461558720762,6.27646894093568,61127.3125903747
2026032700481,20260327,481,-0.31441821271733267,BLOCK-T614_triplets,i,0.873461539096647,6.27645930564862,61127.3143784797
2026032700484,20260327,484,-0.31476302291567243,BLOCK-T614_triplets,i,0.873461437466812,6.27642840720545,61127.3161883995
2026032700487,20260327,487,-0.3118524467804058,BLOCK-T614_triplets,i,0.873461675541969,6.27646395650333,61127.3179785404
2026032700490,20260327,490,-0.31267062679909013,BLOCK-T614_triplets,i,0.873461376701315,6.27642078976443,61127.319746719804
2026032700493,20260327,493,-0.31048476002493525,BLOCK-T614_triplets,i,0.873461507328665,6.27645158029108,61127.321529239896
2026032700496,20260327,496,-0.30991001129115525,BLOCK-T614_triplets,i,0.873461462354809,6.27643921136321,61127.32330992555
2026032700499,20260327,499,-0.30843811654978687,BLOCK-T614_triplets,i,0.873461534894777,6.27644826440215,61127.325087936755
2026032700502,20260327,502,-0.3075532615718241,BLOCK-T614_triplets,i,0.873461462770379,6.27643380486168,61127.32719897895
2026032700505,20260327,505,-0.30587757839830215,BLOCK-T614_triplets,i,0.873461544822271,6.27645537438506,61127.32897977476
2026032700508,20260327,508,-0.3039354223381233,BLOCK-T614_triplets,i,0.873461665060384,6.27646922597016,61127.330762329046
2026032700511,20260327,511,-0.3033170531878276,BLOCK-T614_triplets,i,0.873461541220667,6.27646312074777,61127.33254608405
2026032700514,20260327,514,-0.3028819344907715,BLOCK-T614_triplets,i,0.873461576036158,6.27644992766536,61127.33434373165
2026032700517,20260327,517,-0.30301142718876944,BLOCK-T614_triplets,i,0.873461452704362,6.27642833534463,61127.336134467
2026032700520,20260327,520,-0.3029727556400088,BLOCK-T614_triplets,i,0.873461452196443,6.27640813990674,61127.3379357309
2026032700523,20260327,523,-0.301373334766792,BLOCK-T614_triplets,i,0.873461437836207,6.27642195905909,61127.33971872405
2026032700526,20260327,526,-0.29789913250534317,BLOCK-T614_triplets,i,0.873461617039017,6.27647668943745,61127.34151249875
2026032700529,20260327,529,-0.298001671133886,BLOCK-T614_triplets,i,0.873461560105993,6.27645037677148,61127.34329596395
2026032700532,20260327,532,-0.2961264658298047,BLOCK-T614_triplets,i,0.873461666307091,6.27647032772065,61127.345058583596
2026032700535,20260327,535,-0.29576974198125966,BLOCK-T614_triplets,i,0.873461523443527,6.27646098076338,61127.3468177154
2026033100238,20260331,238,-59.89326004351432,BLOCK-T614_triplets,i,0.528133684065792,1.56855508872068,61131.1156590288
2026033100241,20260331,241,-59.891971250357855,BLOCK-T614_triplets,i,0.528087908067982,1.56858188287415,61131.1174093508
2026033100244,20260331,244,-59.8907577447273,BLOCK-T614_triplets,i,0.528117228805917,1.56856472412336,61131.119165854296
2026033100247,20260331,247,-59.88957205540758,BLOCK-T614_triplets,i,0.528086388561142,1.56858276714717,61131.120928577104
2026033100250,20260331,250,-59.88835929402387,BLOCK-T614_triplets,i,0.528111677766872,1.56856798345891,61131.12270303345
2026033100253,20260331,253,-59.88714973713313,BLOCK-T614_triplets,i,0.528101253159437,1.56857412023403,61131.124469327595
2026033100256,20260331,256,-59.886004089451355,BLOCK-T614_triplets,i,0.528101273106774,1.56857407955978,61131.126226878754
2026033100259,20260331,259,-59.884847323828254,BLOCK-T614_triplets,i,0.528085595423637,1.56858512093472,61131.127987508546
2026033100262,20260331,262,-59.8837098434421,BLOCK-T614_triplets,i,0.528085398766908,1.56858336677755,61131.1297499696
2026033100265,20260331,265,-59.8826067474384,BLOCK-T614_triplets,i,0.528099075021092,1.5685753791572,61131.13149400925
2026033100268,20260331,268,-59.88148815512599,BLOCK-T614_triplets,i,0.528093309732875,1.56857876095229,61131.133258604954
2026033100271,20260331,271,-59.88038760479508,BLOCK-T614_triplets,i,0.52809803854455,1.5685759979813,61131.1350339801
2026033100274,20260331,274,-59.87920380328583,BLOCK-T614_triplets,i,0.528100145620508,1.56857475190533,61131.13711055245
2026033100277,20260331,277,-59.878064075046794,BLOCK-T614_triplets,i,0.528100667991389,1.56857448771544,61131.13886193435
2026033100280,20260331,280,-59.877011182290936,BLOCK-T614_triplets,i,0.528091285816992,1.5685799696429,61131.1406203926
2026033100283,20260331,283,-59.87593948060087,BLOCK-T614_triplets,i,0.528093764273575,1.56857857644075,61131.142403210295
2026033100286,20260331,286,-59.874945998815306,BLOCK-T614_triplets,i,0.528094156940591,1.56857835092094,61131.1441564579
2026033100289,20260331,289,-59.87394931205237,BLOCK-T614_triplets,i,0.52809650042943,1.5685769342855,61131.1459071531
2026033100292,20260331,292,-59.87295372613826,BLOCK-T614_triplets,i,0.528116715669916,1.56856511709362,61131.1476601845
2026033100295,20260331,295,-59.87200537819292,BLOCK-T614_triplets,i,0.528123581247684,1.56856112148484,61131.1494237168
2026033100298,20260331,298,-59.87102352733075,BLOCK-T614_triplets,i,0.528083251519228,1.56858466493608,61131.151185536495
2026033100301,20260331,301,-59.87006982197801,BLOCK-T614_triplets,i,0.528112827832416,1.56856736250217,61131.152959271
2026033100304,20260331,304,-59.869145775290406,BLOCK-T614_triplets,i,0.528091432928601,1.56857991455409,61131.1547259354
2026033100307,20260331,307,-59.86822537893581,BLOCK-T614_triplets,i,0.528104132963821,1.56857250852664,61131.156481271406
2026033100320,20260331,320,60.142665335036945,BLOCK-T614_triplets,i,0.528121058417513,1.5688002687106,61131.1654312756
2026033100323,20260331,323,60.14347611174897,BLOCK-T614_triplets,i,0.528133884231775,1.56879277503953,61131.1671854667
2026033100326,20260331,326,60.144290883070646,BLOCK-T614_triplets,i,0.528126878884127,1.56879687003428,61131.1689349754
2026033100329,20260331,329,60.14505038161735,BLOCK-T614_triplets,i,0.52813588506046,1.56879158775237,61131.1706956369
2026033100332,20260331,332,60.14580850653813,BLOCK-T614_triplets,i,0.528139427467348,1.56878951642343,61131.17245568245
2026033100335,20260331,335,60.146556576173424,BLOCK-T614_triplets,i,0.528150689816748,1.56878300145233,61131.17422243935
2026033100338,20260331,338,60.147285964253754,BLOCK-T614_triplets,i,0.528168135424948,1.56877277880398,61131.1759931216
2026033100341,20260331,341,60.14800067714129,BLOCK-T614_triplets,i,0.528128534374548,1.56879596898281,61131.17772970035
2026033100344,20260331,344,60.14873884489408,BLOCK-T614_triplets,i,0.528182051924485,1.56876468267615,61131.17951821665
2026033100347,20260331,347,60.1493937115376,BLOCK-T614_triplets,i,0.528132379454563,1.5687937004236,61131.18127139785
2026033100350,20260331,350,60.15005435450595,BLOCK-T614_triplets,i,0.528123517019106,1.56879890616188,61131.183036765346
2026033100353,20260331,353,60.15069116206485,BLOCK-T614_triplets,i,0.528124009976899,1.56879860019288,61131.1847851035
2026033100356,20260331,356,60.151410359109086,BLOCK-T614_triplets,i,0.528111309387586,1.56880600753074,61131.186849989754
2026033100359,20260331,359,60.15206728124677,BLOCK-T614_triplets,i,0.528126660987178,1.56879710431589,61131.18861483545
2026033100362,20260331,362,60.152611732254535,BLOCK-T614_triplets,i,0.528143882695759,1.56878893231247,61131.19036117875
2026033100365,20260331,365,60.15319021795035,BLOCK-T614_triplets,i,0.528150569209239,1.56878317905207,61131.19212950535
2026033100368,20260331,368,60.15376552366193,BLOCK-T614_triplets,i,0.528119592565314,1.56880129476536,61131.19390082155
2026033100371,20260331,371,60.15433776262068,BLOCK-T614_triplets,i,0.528144334789215,1.56878682832594,61131.19566854395
2026033100374,20260331,374,60.154822641385685,BLOCK-T614_triplets,i,0.528142823778463,1.56878776979471,61131.19743065595
2026033100377,20260331,377,60.15531809945412,BLOCK-T614_triplets,i,0.528113535870518,1.56880482643593,61131.1991790712
2026033100380,20260331,380,60.15580712276544,BLOCK-T614_triplets,i,0.528136172680739,1.56879159427875,61131.200937189904
2026033100383,20260331,383,60.15627984276895,BLOCK-T614_triplets,i,0.528140674683808,1.56878896879853,61131.20270507135
2026033100386,20260331,386,60.156722618507814,BLOCK-T614_triplets,i,0.528115018299324,1.56880394208582,61131.2044720947
2026033100389,20260331,389,60.15715234679803,BLOCK-T614_triplets,i,0.528114764617223,1.56880403394333,61131.2062211586
2026033100402,20260331,402,-14.845493340114084,BLOCK-T614_triplets,i,0.528149292348821,1.56865435371825,61131.21427054495
2026033100405,20260331,405,-14.845163285060739,BLOCK-T614_triplets,i,0.528149857938929,1.56865400668959,61131.21603981565
2026033100408,20260331,408,-14.84483999376639,BLOCK-T614_triplets,i,0.528156554010509,1.56865013361743,61131.21780931825
2026033100411,20260331,411,-14.844551741599966,BLOCK-T614_triplets,i,0.528154250000774,1.56865145669954,61131.2195813845
2026033100414,20260331,414,-14.844278652907413,BLOCK-T614_triplets,i,0.528148650524793,1.5686547224073,61131.2213574732
2026033100417,20260331,417,-14.844019881266705,BLOCK-T614_triplets,i,0.52819493564143,1.56862765483964,61131.223133420994
2026033100420,20260331,420,-14.843793111637437,BLOCK-T614_triplets,i,0.528164906773044,1.56864523901273,61131.2248994792
2026033100423,20260331,423,-14.843560152203953,BLOCK-T614_triplets,i,0.528173793911799,1.56864007985841,61131.22668189095
2026033100426,20260331,426,-14.843367849171257,BLOCK-T614_triplets,i,0.528162697697856,1.56864478401617,61131.2284407197
2026033100429,20260331,429,-14.843165035383747,BLOCK-T614_triplets,i,0.528151002278848,1.5686534746098,61131.23019933025
2026033100432,20260331,432,-14.843017558786892,BLOCK-T614_triplets,i,0.528166930550402,1.56864415717541,61131.2319563227
2026033100435,20260331,435,-14.842874785386305,BLOCK-T614_triplets,i,0.528158817386781,1.56864885663109,61131.2337113337
2026033100438,20260331,438,-14.842677246456521,BLOCK-T614_triplets,i,0.528154995994227,1.56865109096535,61131.23665489296
2026033100441,20260331,441,-14.842585082148254,BLOCK-T614_triplets,i,0.528165524263168,1.56864493867081,61131.2384252621
2026033100444,20260331,444,-14.84250797541305,BLOCK-T614_triplets,i,0.528151081929671,1.56865329220521,61131.240186363604
2026033100447,20260331,447,-14.842453319142423,BLOCK-T614_triplets,i,0.528171372480589,1.56864146486404,61131.2419537541
2026033100450,20260331,450,-14.84239707225263,BLOCK-T614_triplets,i,0.528156652916053,1.56865013451674,61131.243723168096
2026033100453,20260331,453,-14.842387935650564,BLOCK-T614_triplets,i,0.528170758822941,1.56864188396552,61131.24549722245
2026033100456,20260331,456,-14.842401178319145,BLOCK-T614_triplets,i,0.52815217778648,1.56865090193159,61131.2472583511
2026033100470,20260331,470,-44.058629192934944,BLOCK-T614_triplets,i,0.52429622711853,3.14158429206833,61131.258964025605
2026033100473,20260331,473,-44.36574920405901,BLOCK-T614_triplets,i,0.524295737392945,3.14158394403758,61131.26098064905
2026033100476,20260331,476,-44.65521616557176,BLOCK-T614_triplets,i,0.524295284422175,3.14158351044446,61131.2629797916
2026033100479,20260331,479,-44.932150386576026,BLOCK-T614_triplets,i,0.524294805870792,3.14158303407016,61131.264990704556
2026033100482,20260331,482,-45.199564645968174,BLOCK-T614_triplets,i,0.524294448527185,3.14158271620465,61131.2670048459
2026033100485,20260331,485,-45.450114352210136,BLOCK-T614_triplets,i,0.524294048333744,3.14158225136713,61131.26901072775
2026033100488,20260331,488,-45.69215358203869,BLOCK-T614_triplets,i,0.524293705904462,3.14158177471017,61131.27104808275
2026033100491,20260331,491,-45.92109287930342,BLOCK-T614_triplets,i,0.524293329952576,3.14158130123935,61131.27308027545
2026033100494,20260331,494,-46.13976030275209,BLOCK-T614_triplets,i,0.524293008532645,3.14158101898627,61131.2751081402
2026033100497,20260331,497,-46.347002090292634,BLOCK-T614_triplets,i,0.524292657145533,3.14158074675404,61131.27714260835
2026033100500,20260331,500,-46.55384569897293,BLOCK-T614_triplets,i,0.524292373265381,3.14158161065139,61131.279127005255
2026033100503,20260331,503,-46.72341547171261,BLOCK-T614_triplets,i,0.524292099035676,3.14158013170701,61131.281179495694
2026033100539,20260331,539,-15.182914135896127,BLOCK-T614_triplets,i,0.524343577829281,6.27874167262352,61131.323873309055
2026033100542,20260331,542,-15.182185582699608,BLOCK-T614_triplets,i,0.524343553403028,6.27873517974961,61131.3256582643
2026033100545,20260331,545,-15.18261093250182,BLOCK-T614_triplets,i,0.524343487696871,6.27871153354643,61131.32744011385
2026033100548,20260331,548,-15.180598712761773,BLOCK-T614_triplets,i,0.524343513369832,6.27872439968678,61131.329227865295
2026033100551,20260331,551,-15.18210198948519,BLOCK-T614_triplets,i,0.524343375169881,6.27868131270975,61131.3310271971
2026033100554,20260331,554,-15.179321292739296,BLOCK-T614_triplets,i,0.524343506489848,6.27870963349641,61131.332836567395
2026033100557,20260331,557,-15.179141448046174,BLOCK-T614_triplets,i,0.524343394609301,6.27869400235522,61131.334625172254
2026033100560,20260331,560,-15.17683170705596,BLOCK-T614_triplets,i,0.524343523297325,6.27871728922211,61131.33640205465
2026033100563,20260331,563,-15.176306128795646,BLOCK-T614_triplets,i,0.524343498270807,6.27870751596894,61131.3381922627
2026033100566,20260331,566,-15.173280586102972,BLOCK-T614_triplets,i,0.52434358960375,6.27874188699195,61131.339972555754
2026033100569,20260331,569,-15.173464944282086,BLOCK-T614_triplets,i,0.524343560837106,6.27872652669551,61131.3417531475
2026033100572,20260331,572,-15.172960463114991,BLOCK-T614_triplets,i,0.52434347832347,6.27871350844426,61131.3435400467
2026040100221,20260401,221,-60.148416043479855,BLOCK-T614_triplets,i,0.695018614337161,4.7101722192029,61132.10073169455
2026040100224,20260401,224,-60.14808319705845,BLOCK-T614_triplets,i,0.695021234364425,4.71017366401227,61132.1024954402
2026040100227,20260401,227,-60.147723490211284,BLOCK-T614_triplets,i,0.695002982181973,4.71016307372192,61132.10425761645
2026040100230,20260401,230,-60.14734331002725,BLOCK-T614_triplets,i,0.694990560532151,4.71015581683765,61132.1060226919
2026040100233,20260401,233,-60.146945121428274,BLOCK-T614_triplets,i,0.695023283722395,4.71017481461424,61132.1077750399
2026040100236,20260401,236,-60.146532842519775,BLOCK-T614_triplets,i,0.695004064278812,4.71016373731208,61132.1095508283
2026040100239,20260401,239,-60.14608845530285,BLOCK-T614_triplets,i,0.695007516507115,4.71016574669824,61132.1113125568
2026040100242,20260401,242,-60.14564755613614,BLOCK-T614_triplets,i,0.695025687145592,4.71017632465527,61132.113068538005
2026040100245,20260401,245,-60.14517679127275,BLOCK-T614_triplets,i,0.695010747098342,4.71016762747103,61132.1148286768
2026040100248,20260401,248,-60.14468916315777,BLOCK-T614_triplets,i,0.695021814868861,4.71017410650849,61132.116591488
2026040100251,20260401,251,-60.1441755239195,BLOCK-T614_triplets,i,0.695005230597741,4.71016447931518,61132.11835917445
2026040100254,20260401,254,-60.14365555382473,BLOCK-T614_triplets,i,0.695010017450625,4.71016363949348,61132.120107543495
2026040100257,20260401,257,-60.142976591949314,BLOCK-T614_triplets,i,0.694993226410584,4.71015748250971,61132.1221958704
2026040100260,20260401,260,-60.14243639642569,BLOCK-T614_triplets,i,0.695006860091979,4.71016542418204,61132.1239715159
2026040100263,20260401,263,-60.1418496649482,BLOCK-T614_triplets,i,0.695024324493157,4.7101756134084,61132.125745045894
2026040100266,20260401,266,-60.141242594257136,BLOCK-T614_triplets,i,0.695022120404802,4.71017431883423,61132.12750205175
2026040100269,20260401,269,-60.140631178075985,BLOCK-T614_triplets,i,0.695014764362661,4.71017001986443,61132.129265463096
2026040100272,20260401,272,-60.139998688719004,BLOCK-T614_triplets,i,0.695015422209201,4.7101704597013,61132.1310383729
2026040100275,20260401,275,-60.139336432927124,BLOCK-T614_triplets,i,0.695007498083533,4.71016590774436,61132.132802283595
2026040100278,20260401,278,-60.138667669828116,BLOCK-T614_triplets,i,0.695016832929179,4.71017136783799,61132.1345715354
2026040100281,20260401,281,-60.1379733168822,BLOCK-T614_triplets,i,0.695005870944187,4.71016317562593,61132.1363224283
2026040100284,20260401,284,-60.13726265994962,BLOCK-T614_triplets,i,0.695027968760748,4.7101760804749,61132.13809223035
2026040100287,20260401,287,-60.13655002234079,BLOCK-T614_triplets,i,0.695026784064413,4.71017552983092,61132.1398308582
2026040100290,20260401,290,-60.13580579256679,BLOCK-T614_triplets,i,0.695013937425501,4.7101680713933,61132.14158029745
2026040100303,20260401,303,-60.11705678251215,BLOCK-T614_triplets,i,0.869598207010032,4.71020361589275,61132.151803763554
2026040100306,20260401,306,-60.115901565195124,BLOCK-T614_triplets,i,0.869566456668019,4.71018707922924,61132.15357648015
2026040100309,20260401,309,-60.11475522826853,BLOCK-T614_triplets,i,0.869582593693993,4.71019463945526,61132.1553409521
2026040100312,20260401,312,-60.11357270161136,BLOCK-T614_triplets,i,0.869565001897675,4.71018265010443,61132.1571257478
2026040100315,20260401,315,-60.11240536387926,BLOCK-T614_triplets,i,0.869578180946022,4.71019394532084,61132.1588796587
2026040100318,20260401,318,-60.111210186526876,BLOCK-T614_triplets,i,0.869590301492644,4.71019909195555,61132.160658049455
2026040100321,20260401,321,-60.10997789233099,BLOCK-T614_triplets,i,0.869581341028956,4.71019386413294,61132.162442251545
2026040100324,20260401,324,-60.10876244828582,BLOCK-T614_triplets,i,0.869578799913726,4.71019241816734,61132.16418545965
2026040100327,20260401,327,-60.10753242679251,BLOCK-T614_triplets,i,0.869562571139237,4.7101828975223,61132.1659490093
2026040100330,20260401,330,-60.10628437085158,BLOCK-T614_triplets,i,0.869570659507214,4.71018754328952,61132.1677008356
2026040100333,20260401,333,-60.105024465009734,BLOCK-T614_triplets,i,0.869579576105229,4.71019451024451,61132.169463189
2026040100336,20260401,336,-60.10375604471259,BLOCK-T614_triplets,i,0.869592143619951,4.71019998756623,61132.17121958345
2026040100339,20260401,339,-60.102211999683774,BLOCK-T614_triplets,i,0.869559414565559,4.71018285067498,61132.1733013318
2026040100342,20260401,342,-60.100917137502776,BLOCK-T614_triplets,i,0.869567128690099,4.71018544822536,61132.1750662973
2026040100345,20260401,345,-60.099605850262975,BLOCK-T614_triplets,i,0.869581399162513,4.7101955574008,61132.1768109576
2026040100348,20260401,348,-60.098280304753715,BLOCK-T614_triplets,i,0.869578219501639,4.71019369424152,61132.1785597934
2026040100351,20260401,351,-60.09694825656283,BLOCK-T614_triplets,i,0.869580069663289,4.71019478198213,61132.1803074186
2026040100354,20260401,354,-60.09559141174503,BLOCK-T614_triplets,i,0.869561079106159,4.7101800783191,61132.1820676429
2026040100357,20260401,357,-60.094220952966964,BLOCK-T614_triplets,i,0.869571115941063,4.71018956770688,61132.1838181597
2026040100360,20260401,360,-60.09285646140386,BLOCK-T614_triplets,i,0.869586361985999,4.71019657520765,61132.1855655974
2026040100363,20260401,363,-60.091465155656074,BLOCK-T614_triplets,i,0.869567899663896,4.71018587807995,61132.1873164872
2026040100366,20260401,366,-60.0900624790425,BLOCK-T614_triplets,i,0.869571198731746,4.71018778107199,61132.18907522625
2026040100369,20260401,369,-60.08865142735388,BLOCK-T614_triplets,i,0.869588809921309,4.71019976556657,61132.19083648475
2026040100372,20260401,372,-60.087237083486514,BLOCK-T614_triplets,i,0.869562068900393,4.71018058003452,61132.192582720454
2026040100385,20260401,385,-59.77130691923323,BLOCK-T614_triplets,i,1.04458232986985,4.18993976254579,61132.2096861365
2026040100388,20260401,388,-59.768919331246025,BLOCK-T614_triplets,i,1.04457813875896,4.18994111412298,61132.21146554385
2026040100391,20260401,391,-59.767890897755244,BLOCK-T614_triplets,i,1.04459422554719,4.18993515497331,61132.2132390585
2026040100394,20260401,394,-59.76607120603594,BLOCK-T614_triplets,i,1.04459867731253,4.18993462284855,61132.215013469206
2026040100397,20260401,397,-59.76328533660746,BLOCK-T614_triplets,i,1.04458720593166,4.18993738990496,61132.21679597265
2026040100400,20260401,400,-59.76240217110466,BLOCK-T614_triplets,i,1.04460435819396,4.18993201595182,61132.21855214855
2026040100403,20260401,403,-59.758793682329845,BLOCK-T614_triplets,i,1.04458354721148,4.1899403198382,61132.2203241889
2026040100406,20260401,406,-59.75749902387703,BLOCK-T614_triplets,i,1.04459414271034,4.18993526306326,61132.222096173806
2026040100409,20260401,409,-59.75598076977811,BLOCK-T614_triplets,i,1.04460489921929,4.18993273874192,61132.2238631685
2026040100412,20260401,412,-59.75217703568424,BLOCK-T614_triplets,i,1.04457848857614,4.18994110868862,61132.225649020096
2026040100415,20260401,415,-59.75066818595843,BLOCK-T614_triplets,i,1.04458363757477,4.18993861109588,61132.22741614205
2026040100418,20260401,418,-59.74929501870223,BLOCK-T614_triplets,i,1.04459655042775,4.1899345614325,61132.22918914886
2026040100421,20260401,421,-59.74618281056258,BLOCK-T614_triplets,i,1.04458925316561,4.18993683371097,61132.23127909715
2026040100424,20260401,424,-59.745135938863754,BLOCK-T614_triplets,i,1.0446020847055,4.18993281256837,61132.2330504031
2026040100427,20260401,427,-59.74294794525156,BLOCK-T614_triplets,i,1.0446029726852,4.18993259164785,61132.2348130198
2026040100430,20260401,430,-59.73977197906587,BLOCK-T614_triplets,i,1.04458770004381,4.18993741769346,61132.23658751705
2026040100433,20260401,433,-59.74271301895805,BLOCK-T614_triplets,i,1.04466180509217,4.18991397722539,61132.238338555704
2026040100436,20260401,436,-59.73653421666844,BLOCK-T614_triplets,i,1.04460168760574,4.18993391152458,61132.240101794756
2026040100439,20260401,439,-59.73423629951057,BLOCK-T614_triplets,i,1.04460393962311,4.18993237257734,61132.2418847835
2026040100442,20260401,442,-59.73129166818645,BLOCK-T614_triplets,i,1.04458684494027,4.18993781474913,61132.243646098344
2026040100445,20260401,445,-59.728355863755695,BLOCK-T614_triplets,i,1.04457565905567,4.1899414374871,61132.24541253185
2026040100448,20260401,448,-59.727421829256414,BLOCK-T614_triplets,i,1.04459070004013,4.18993586783894,61132.24718255275
2026040100451,20260401,451,-59.72608990891462,BLOCK-T614_triplets,i,1.04460822469889,4.18993124242169,61132.24895644215
2026040100454,20260401,454,-59.72396447209093,BLOCK-T614_triplets,i,1.04460345299121,4.18993187982284,61132.25071498345
2026040100467,20260401,467,-15.109298710386383,BLOCK-T614_triplets,i,0.70166872753033,0.780882514717962,61132.2636504008
2026040100470,20260401,470,-15.108314211178403,BLOCK-T614_triplets,i,0.701664608590004,0.780889418387627,61132.26542089475
2026040100473,20260401,473,-15.108137459516414,BLOCK-T614_triplets,i,0.701666762579144,0.780885802086107,61132.26720548695
2026040100476,20260401,476,-15.106847602547958,BLOCK-T614_triplets,i,0.701660298210655,0.780897085219728,61132.26898815515
2026040100479,20260401,479,-15.106494357250122,BLOCK-T614_triplets,i,0.70166232540492,0.78089362788308,61132.27076894435
2026040100482,20260401,482,-15.105754911730719,BLOCK-T614_triplets,i,0.701662942433298,0.780892508210747,61132.27253727385
2026040100485,20260401,485,-15.105078597352744,BLOCK-T614_triplets,i,0.701657916951165,0.780893475585906,61132.274319595206
2026040100488,20260401,488,-15.104215745884407,BLOCK-T614_triplets,i,0.701662123576658,0.780893726645958,61132.27608479605
2026040100491,20260401,491,-15.103409140869395,BLOCK-T614_triplets,i,0.701653892021899,0.780911329408947,61132.27785718965
2026040100494,20260401,494,-15.103658357212321,BLOCK-T614_triplets,i,0.701663489415127,0.78089139967694,61132.279630280245
2026040100497,20260401,497,-15.102313333242368,BLOCK-T614_triplets,i,0.701651454060257,0.780911761286965,61132.28141645855
2026040100500,20260401,500,-15.102788447716328,BLOCK-T614_triplets,i,0.701667542279901,0.780884781754775,61132.283194561096
2026040100503,20260401,503,-15.101132178070827,BLOCK-T614_triplets,i,0.701653276286402,0.780908703260676,61132.285292966655
2026040100506,20260401,506,-15.101407508829265,BLOCK-T614_triplets,i,0.701660624201851,0.780896447529507,61132.287058042304
2026040100509,20260401,509,-15.101400682058832,BLOCK-T614_triplets,i,0.701664527138378,0.780889882043204,61132.2888396193
2026040100512,20260401,512,-15.100883957143417,BLOCK-T614_triplets,i,0.701664950926935,0.780889195135348,61132.29062852725
2026040100515,20260401,515,-15.100164540735673,BLOCK-T614_triplets,i,0.70166038081664,0.780896934811091,61132.292423400344
2026040100518,20260401,518,-15.101036006793093,BLOCK-T614_triplets,i,0.701677064593572,0.780868912651249,61132.2942202407
2026040100521,20260401,521,-15.099683798035864,BLOCK-T614_triplets,i,0.701664849343275,0.780889514298427,61132.295984119846
2026040100524,20260401,524,-15.09990016072341,BLOCK-T614_triplets,i,0.701671256778741,0.780878920828388,61132.297754885454
2026040100527,20260401,527,-15.099072557621943,BLOCK-T614_triplets,i,0.701662367515964,0.780893963464885,61132.29953650845
2026040100530,20260401,530,-15.099217928122028,BLOCK-T614_triplets,i,0.701669839871395,0.780881544220934,61132.301317120306
2026040100533,20260401,533,-15.098573336634878,BLOCK-T614_triplets,i,0.701663545563186,0.78089195099541,61132.303063908956
2026040100536,20260401,536,-15.097452880526204,BLOCK-T614_triplets,i,0.701655203466936,0.780906018702593,61132.304842578844
2026040100549,20260401,549,-15.148716288809307,BLOCK-T614_triplets,i,0.876216717573062,0.779966974962109,61132.313084011505
2026040100552,20260401,552,-15.168796908159546,BLOCK-T614_triplets,i,0.876442458119125,0.779501407316595,61132.31492242491
2026040100555,20260401,555,-15.148080554518776,BLOCK-T614_triplets,i,0.876216849262425,0.779962569887253,61132.31670662145
2026040100558,20260401,558,-15.148140348496293,BLOCK-T614_triplets,i,0.876221190024522,0.779958257235181,61132.3184789848
2026040100561,20260401,561,-15.148817498522735,BLOCK-T614_triplets,i,0.876229044657732,0.779937831723164,61132.3202649924
2026040100564,20260401,564,-15.147179617683191,BLOCK-T614_triplets,i,0.876216684743072,0.779967740282874,61132.3220502922
2026040100567,20260401,567,-15.147729106726716,BLOCK-T614_triplets,i,0.876222615566478,0.779950960787961,61132.323833224
2026040100570,20260401,570,-15.147293556722124,BLOCK-T614_triplets,i,0.876225291464753,0.77995915140055,61132.325605967955
2026040100573,20260401,573,-15.14690958795175,BLOCK-T614_triplets,i,0.876223876912301,0.779962269359044,61132.32738297825
2026040100576,20260401,576,-15.146797926582183,BLOCK-T614_triplets,i,0.876224203088197,0.7799525639648,61132.32917457095
2026040100579,20260401,579,-15.145890556345384,BLOCK-T614_triplets,i,0.876215654361548,0.779969989359296,61132.33095020465
2026040100582,20260401,582,-15.146508601442658,BLOCK-T614_triplets,i,0.876221570039755,0.77995374245163,61132.3327255358
2026040100585,20260401,585,-15.147527867141692,BLOCK-T614_triplets,i,0.876236582442276,0.7799278221778,61132.33483539865
2026040100588,20260401,588,-15.145740884400134,BLOCK-T614_triplets,i,0.876219390885572,0.779963190060311,61132.33661707255
2026040100591,20260401,591,-15.145867389025376,BLOCK-T614_triplets,i,0.876221204153885,0.779959388893956,61132.33840596781
2026040100594,20260401,594,-15.145628844835041,BLOCK-T614_triplets,i,0.876216674954101,0.779964068770494,61132.3401854501
2026040100597,20260401,597,-15.145741988754503,BLOCK-T614_triplets,i,0.876220740008913,0.779955803811139,61132.3419441037
2026040100600,20260401,600,-15.146355202339917,BLOCK-T614_triplets,i,0.876227226910504,0.779942368764496,61132.34370522376
2026040100603,20260401,603,-15.145385865015603,BLOCK-T614_triplets,i,0.876214275224855,0.779968835751075,61132.34548451479
2026040100606,20260401,606,-15.145708740101465,BLOCK-T614_triplets,i,0.87621850964733,0.779960456843447,61132.34727546195
2026040100609,20260401,609,-15.145599879665346,BLOCK-T614_triplets,i,0.87621876605372,0.779964432969445,61132.34905345755
2026040100612,20260401,612,-15.145804219083741,BLOCK-T614_triplets,i,0.876218988568108,0.779959537703113,61132.3508201786
2026040100615,20260401,615,-15.145792566905579,BLOCK-T614_triplets,i,0.876217632380087,0.779957749410919,61132.3525988676
2026040100618,20260401,618,-15.145627764504114,BLOCK-T614_triplets,i,0.876216607724188,0.779964196824996,61132.3543647822
2026040100639,20260401,639,14.60005350086223,BLOCK-T614_triplets,i,1.04802138775808,6.27443648114067,61132.3738461463
2026040100642,20260401,642,14.601079272743439,BLOCK-T614_triplets,i,1.0480214620065,6.27446110206118,61132.375650038
2026040100645,20260401,645,14.604424144577772,BLOCK-T614_triplets,i,1.04802165381491,6.27451748942047,61132.37743220565
2026040100648,20260401,648,14.603288897284981,BLOCK-T614_triplets,i,1.04802154484335,6.27448733072571,61132.379199511895
2026040100651,20260401,651,14.605508825598227,BLOCK-T614_triplets,i,1.0480216927861,6.27452235377644,61132.380961517396
2026040100654,20260401,654,14.604421250284828,BLOCK-T614_triplets,i,1.04802149659112,6.27448308141678,61132.382750253746
2026040100657,20260401,657,14.605916824188688,BLOCK-T614_triplets,i,1.04802164268688,6.27450709224286,61132.3845313901
2026040100660,20260401,660,14.605324428119594,BLOCK-T614_triplets,i,1.04802158007441,6.27448956453966,61132.386334150404
2026040100663,20260401,663,14.602105332188692,BLOCK-T614_triplets,i,1.04802132597674,6.27442606873911,61132.38812791145
2026040100666,20260401,666,14.606359249437535,BLOCK-T614_triplets,i,1.04802163709978,6.27450294483793,61132.38992552145
2026040100669,20260401,669,14.606645193730461,BLOCK-T614_triplets,i,1.04802160500858,6.27450016142062,61132.391721094
2026040100672,20260401,672,14.6059134215334,BLOCK-T614_triplets,i,1.04802156742263,6.27447029265512,61132.3935237537
2026040100675,20260401,675,14.60384285055063,BLOCK-T614_triplets,i,1.0480213556207,6.27442003549319,61132.3956479811
2026040100678,20260401,678,14.605827008365425,BLOCK-T614_triplets,i,1.04802143998131,6.27446449667135,61132.39744362775
2026040100681,20260401,681,14.603050004055703,BLOCK-T614_triplets,i,1.04802119193249,6.27440496861402,61132.39923298695
2026040100684,20260401,684,14.605679048026865,BLOCK-T614_triplets,i,1.04802143379394,6.27445599838109,61132.4010237244
2026040100687,20260401,687,14.60847776566662,BLOCK-T614_triplets,i,1.04802158483038,6.27451055884875,61132.40280076041
2026040100690,20260401,690,14.60798079481145,BLOCK-T614_triplets,i,1.04802155324709,6.27449803180393,61132.404579700946
2026040100693,20260401,693,14.605967371458078,BLOCK-T614_triplets,i,1.04802138632667,6.27443817030385,61132.406359973145
2026040100696,20260401,696,14.60562069721429,BLOCK-T614_triplets,i,1.04802135224997,6.27443726696557,61132.4081670743
2026040100699,20260401,699,14.607236564373304,BLOCK-T614_triplets,i,1.04802146389965,6.27446172279308,61132.4099343359
2026040100702,20260401,702,14.608192337858709,BLOCK-T614_triplets,i,1.04802148495517,6.27447982033401,61132.4116825569
2026040100705,20260401,705,14.606807282380704,BLOCK-T614_triplets,i,1.04802139519215,6.27445942613704,61132.413478628994
2026040100708,20260401,708,14.607980874127778,BLOCK-T614_triplets,i,1.04802157910475,6.27447734141469,61132.4152621267
2026040200259,20260402,259,14.615311977022856,BLOCK-T614_triplets,i,0.697594429999823,5.92904788407689,61133.1598395132
2026040200262,20260402,262,14.61809607110566,BLOCK-T614_triplets,i,0.697599470119238,5.92907179639704,61133.1615984656
2026040200265,20260402,265,14.618215120642194,BLOCK-T614_triplets,i,0.697592389599684,5.92903977163312,61133.1633668107
2026040200268,20260402,268,14.62147438410106,BLOCK-T614_triplets,i,0.69759988471909,5.92906895444144,61133.1651275634
2026040200271,20260402,271,14.621446637078447,BLOCK-T614_triplets,i,0.697592616454464,5.92903633333603,61133.1668954328
2026040200274,20260402,274,14.624535084056934,BLOCK-T614_triplets,i,0.697599164490948,5.9290663722563,61133.168661148506
2026040200277,20260402,277,14.624826401241188,BLOCK-T614_triplets,i,0.697593184815036,5.9290426990483,61133.17042888765
2026040200280,20260402,280,14.626817948156267,BLOCK-T614_triplets,i,0.697594420580248,5.92904776107776,61133.1722067291
2026040200283,20260402,283,14.629543611393848,BLOCK-T614_triplets,i,0.697599706624466,5.92906874927161,61133.17396267505
2026040200286,20260402,286,14.630832995175643,BLOCK-T614_triplets,i,0.697599074127666,5.92906627518284,61133.1757196767
2026040200289,20260402,289,14.633273019320944,BLOCK-T614_triplets,i,0.697601664003052,5.92907687582161,61133.17746538965
2026040200292,20260402,292,14.634344746170195,BLOCK-T614_triplets,i,0.697598411709861,5.92906802268516,61133.17921876165
2026040200295,20260402,295,14.633495109198966,BLOCK-T614_triplets,i,0.697583739335551,5.92901492092751,61133.1813329475
2026040200298,20260402,298,14.63787231710041,BLOCK-T614_triplets,i,0.697598674996234,5.92906066794376,61133.1830653511
2026040200301,20260402,301,14.638455845838465,BLOCK-T614_triplets,i,0.6975924945079,5.92904078011289,61133.18483092585
2026040200304,20260402,304,14.640282585216521,BLOCK-T614_triplets,i,0.697593035302359,5.92904292343757,61133.186588609096
2026040200307,20260402,307,14.642354656003105,BLOCK-T614_triplets,i,0.697594715496078,5.92904970521939,61133.18833842135
2026040200310,20260402,310,14.644118146106695,BLOCK-T614_triplets,i,0.697596518098107,5.92905659918299,61133.19010236475
2026040200313,20260402,313,14.646557759019712,BLOCK-T614_triplets,i,0.697598855261054,5.92906565990455,61133.19186323875
2026040200316,20260402,316,14.64750950370371,BLOCK-T614_triplets,i,0.69759592327961,5.92905415528514,61133.1936336201
2026040200319,20260402,319,14.650587918053636,BLOCK-T614_triplets,i,0.697603530972181,5.92908442594329,61133.1953792173
2026040200322,20260402,322,14.652321406892073,BLOCK-T614_triplets,i,0.697603682424181,5.92908471798592,61133.197128937
2026040200325,20260402,325,14.6526613327598,BLOCK-T614_triplets,i,0.697595963636027,5.92905477192522,61133.19890722975
2026040200328,20260402,328,14.651196680093795,BLOCK-T614_triplets,i,0.697580703877297,5.92899426357486,61133.2006809054
2026040200341,20260402,341,59.66696420566177,BLOCK-T614_triplets,i,0.69752722188164,5.92905911019462,61133.214764025
2026040200344,20260402,344,59.67051156000827,BLOCK-T614_triplets,i,0.697537675486593,5.92910032705562,61133.21652868575
2026040200347,20260402,347,59.67077930833435,BLOCK-T614_triplets,i,0.697530158157303,5.92906643202149,61133.21831162785
2026040200350,20260402,350,59.67333392013325,BLOCK-T614_triplets,i,0.697534525700547,5.92908799774852,61133.2200972884
2026040200353,20260402,353,59.675109981258174,BLOCK-T614_triplets,i,0.697534043039644,5.92908616971993,61133.2218609322
2026040200356,20260402,356,59.675494684776034,BLOCK-T614_triplets,i,0.697528184940903,5.92906323340183,61133.2236289462
2026040200359,20260402,359,59.68376159991054,BLOCK-T614_triplets,i,0.697561491498395,5.92919006492675,61133.2253881526
2026040200362,20260402,362,59.682835334739714,BLOCK-T614_triplets,i,0.697547223103828,5.92913862228268,61133.22714321015
2026040200365,20260402,365,59.6818844991003,BLOCK-T614_triplets,i,0.697535151686759,5.92908678006487,61133.228917522545
2026040200368,20260402,368,59.68276907707425,BLOCK-T614_triplets,i,0.697531013861108,5.92906989840257,61133.2306751015
2026040200371,20260402,371,59.68519381921033,BLOCK-T614_triplets,i,0.697533846890833,5.92908549452229,61133.23244801895
2026040200374,20260402,374,59.684794783653196,BLOCK-T614_triplets,i,0.697522974437986,5.92904296097709,61133.2342256667
2026040200377,20260402,377,59.77661061994165,BLOCK-T614_triplets,i,0.700190441500493,0.343992101040871,61133.2405421764
2026040200380,20260402,380,59.776607913612594,BLOCK-T614_triplets,i,0.700197202631789,0.343964209582054,61133.24230030125
2026040200383,20260402,383,59.778784920529866,BLOCK-T614_triplets,i,0.700192809554108,0.343977984019697,61133.2440857938
2026040200386,20260402,386,59.77706320234967,BLOCK-T614_triplets,i,0.700207429197263,0.343922752606818,61133.24586208195
2026040200389,20260402,389,59.77893204287298,BLOCK-T614_triplets,i,0.700204235868768,0.343935499884841,61133.247652977196
2026040200392,20260402,392,59.78203541752317,BLOCK-T614_triplets,i,0.700195129309308,0.343972910556229,61133.2494299756
2026040200395,20260402,395,59.78293683214335,BLOCK-T614_triplets,i,0.700197490806159,0.343962948757496,61133.251217173194
2026040200398,20260402,398,59.786169563877515,BLOCK-T614_triplets,i,0.700188080419212,0.344001587159045,61133.25297486545
2026040200401,20260402,401,59.78652969580529,BLOCK-T614_triplets,i,0.700190502820084,0.343991305798969,61133.25476025615
2026040200404,20260402,404,59.78808015344548,BLOCK-T614_triplets,i,0.700188090577578,0.34399705050313,61133.256525376695
2026040200407,20260402,407,59.789182142239,BLOCK-T614_triplets,i,0.700190313828304,0.343992266821187,61133.258303263545
2026040200410,20260402,410,59.791086196557046,BLOCK-T614_triplets,i,0.700185767543994,0.344010629098003,61133.26007900555
2026040200433,20260402,433,59.82506464461341,BLOCK-T614_triplets,i,0.875920852081809,0.692634382399212,61133.28268225935
2026040200436,20260402,436,59.82418467800631,BLOCK-T614_triplets,i,0.87593752292991,0.69260450298981,61133.284462171854
2026040200439,20260402,439,59.80329462350092,BLOCK-T614_triplets,i,0.876136458457353,0.692135191200252,61133.286292913544
2026040200442,20260402,442,59.82518524831676,BLOCK-T614_triplets,i,0.875939690078751,0.692599268191157,61133.28807765595
2026040200445,20260402,445,59.8256424842518,BLOCK-T614_triplets,i,0.875943640390204,0.692589844793031,61133.28985628225
2026040200448,20260402,448,59.82727836001051,BLOCK-T614_triplets,i,0.875931752470162,0.692617817780202,61133.29162806395
2026040200451,20260402,451,59.82810102719429,BLOCK-T614_triplets,i,0.875932192927672,0.692616870915605,61133.2933884928
2026040200454,20260402,454,59.828278565622334,BLOCK-T614_triplets,i,0.875932339254316,0.692616488017549,61133.295173063
2026040200457,20260402,457,59.83006751695448,BLOCK-T614_triplets,i,0.875920524382158,0.692644270377913,61133.29693050125
2026040200460,20260402,460,59.82872219224959,BLOCK-T614_triplets,i,0.875939322992347,0.692595301283028,61133.29870683975
2026040200463,20260402,463,59.82990603565787,BLOCK-T614_triplets,i,0.875932735707632,0.692615553948767,61133.30047910655
2026040200466,20260402,466,59.82977779024271,BLOCK-T614_triplets,i,0.875939314357737,0.692600012352578,61133.30226109465
2026040200469,20260402,469,59.832334586421375,BLOCK-T614_triplets,i,0.875921038026079,0.692647939667726,61133.3043756301
2026040200472,20260402,472,59.83290711998536,BLOCK-T614_triplets,i,0.875921001455961,0.692643325979979,61133.30613185255
2026040200475,20260402,475,59.833299404882396,BLOCK-T614_triplets,i,0.875920066055159,0.692645533489274,61133.307911537704
2026040200478,20260402,478,59.832365263815355,BLOCK-T614_triplets,i,0.875932352460191,0.692616865031585,61133.30970163715
2026040200481,20260402,481,59.834340311753394,BLOCK-T614_triplets,i,0.875919489660243,0.69264723885277,61133.311479758646
2026040200484,20260402,484,59.83308174946841,BLOCK-T614_triplets,i,0.875933198513548,0.692614951646168,61133.3132720077
2026040200487,20260402,487,59.83362608157891,BLOCK-T614_triplets,i,0.875931288602234,0.692619493338186,61133.31505849945
2026040200490,20260402,490,59.83439763584693,BLOCK-T614_triplets,i,0.875928460143774,0.692626387892762,61133.31684179865
2026040200493,20260402,493,59.8339931093623,BLOCK-T614_triplets,i,0.875937458285764,0.692605166624956,61133.3186154242
2026040200496,20260402,496,59.83561728251836,BLOCK-T614_triplets,i,0.875924649417505,0.692635276872914,61133.32039247325
2026040200499,20260402,499,59.835146820586,BLOCK-T614_triplets,i,0.875930647886393,0.69262112709137,61133.3221521127
2026040200502,20260402,502,59.836476916559135,BLOCK-T614_triplets,i,0.875920412224564,0.692645361079803,61133.3239331794
2026040200515,20260402,515,14.832706534185956,BLOCK-T614_triplets,i,0.875964891506966,0.692532208023922,61133.3366797756
2026040200518,20260402,518,14.832863714019526,BLOCK-T614_triplets,i,0.875967798046322,0.692525368301212,61133.3384386133
2026040200521,20260402,521,14.831229690998056,BLOCK-T614_triplets,i,0.875980528418117,0.692495387784316,61133.3402184725
2026040200524,20260402,524,14.832125684648494,BLOCK-T614_triplets,i,0.875976631530436,0.692504579907084,61133.3420098944
2026040200527,20260402,527,14.832784513995575,BLOCK-T614_triplets,i,0.875966896768395,0.692518008395228,61133.3437881879
2026040200530,20260402,530,14.832985630516598,BLOCK-T614_triplets,i,0.875969184201524,0.692522080187929,61133.345578856446
2026040200533,20260402,533,14.832870387706373,BLOCK-T614_triplets,i,0.875971242794373,0.692517199355432,61133.34735710245
2026040200536,20260402,536,14.832987179841277,BLOCK-T614_triplets,i,0.875970886097207,0.692518034603525,61133.349142092
2026040200539,20260402,539,14.833544210595056,BLOCK-T614_triplets,i,0.875965391344744,0.69253110745538,61133.350905197
2026040200542,20260402,542,14.83190132017839,BLOCK-T614_triplets,i,0.875980126008305,0.692496228274069,61133.35269130385
2026040200545,20260402,545,14.832167078738353,BLOCK-T614_triplets,i,0.875978866278584,0.692499301402247,61133.354482802504
2026040200548,20260402,548,14.833306629896782,BLOCK-T614_triplets,i,0.875964397163942,0.692533339682696,61133.356272008
2026040200551,20260402,551,14.833270755960092,BLOCK-T614_triplets,i,0.875964922813204,0.692532066884544,61133.35840555805
2026040200554,20260402,554,14.8322598057468,BLOCK-T614_triplets,i,0.87597460673724,0.69250913511436,61133.3601944845
2026040200557,20260402,557,14.831994660464309,BLOCK-T614_triplets,i,0.875974557884736,0.692509119286606,61133.361970681144
2026040200560,20260402,560,14.832713347258089,BLOCK-T614_triplets,i,0.875968294605717,0.692523989359464,61133.36373897335
2026040200563,20260402,563,14.832416354422444,BLOCK-T614_triplets,i,0.875968245707037,0.692524048148267,61133.36551898445
2026040200566,20260402,566,14.831252147603438,BLOCK-T614_triplets,i,0.875979010157985,0.692498567569978,61133.3673050536
2026040200569,20260402,569,14.83223266177744,BLOCK-T614_triplets,i,0.875967588783984,0.692525338187366,61133.3690701245
2026040200572,20260402,572,14.831913715857251,BLOCK-T614_triplets,i,0.875970165037925,0.692519488187526,61133.370845076555
2026040200575,20260402,575,14.832019868802673,BLOCK-T614_triplets,i,0.875967712808398,0.692525278602037,61133.3726333121
2026040200578,20260402,578,14.830561458983059,BLOCK-T614_triplets,i,0.875976542552386,0.692504473403767,61133.374409382304
2026040200581,20260402,581,14.831250711356647,BLOCK-T614_triplets,i,0.875968406809486,0.692523681437689,61133.37617595635
2026040200584,20260402,584,14.8305457727687,BLOCK-T614_triplets,i,0.875972000377598,0.692515115461928,61133.377955263
2026040200597,20260402,597,14.644048742352682,BLOCK-T614_triplets,i,1.04935861021242,0.340747967513409,61133.3926646452
2026040200600,20260402,600,14.643700550007877,BLOCK-T614_triplets,i,1.04935961113468,0.340741475127694,61133.394445143495
2026040200603,20260402,603,14.643263788311742,BLOCK-T614_triplets,i,1.04935854866196,0.340748464289076,61133.39621193555
2026040200606,20260402,606,14.644307389584217,BLOCK-T614_triplets,i,1.04935753614992,0.340755248152146,61133.3979868182
2026040200609,20260402,609,14.643476559501064,BLOCK-T614_triplets,i,1.04935964539608,0.340741068822035,61133.399765697104
2026040200612,20260402,612,14.644192476293387,BLOCK-T614_triplets,i,1.04935521958075,0.340770841728119,61133.40153228845
2026040200615,20260402,615,14.642179454544811,BLOCK-T614_triplets,i,1.04936137296472,0.340729808607824,61133.403313807954
2026040400194,20260404,194,14.419862358958593,BLOCK-T614_triplets,i,1.04672036564999,5.92603843902355,61135.09500779425
2026040400197,20260404,197,14.42297508353038,BLOCK-T614_triplets,i,1.04672084771062,5.92603403514349,61135.0994556578
2026040400200,20260404,200,14.422287509978096,BLOCK-T614_triplets,i,1.0467137364851,5.92599636939088,61135.10122652615
2026040400203,20260404,203,14.425782093843209,BLOCK-T614_triplets,i,1.04671918954209,5.92602371713035,61135.102993220746
2026040400206,20260404,206,14.426151702662807,BLOCK-T614_triplets,i,1.04671713593607,5.9260107921241,61135.1047730624
2026040400209,20260404,209,14.426527792971003,BLOCK-T614_triplets,i,1.04671069465478,5.92599122763168,61135.1065385645
2026040400212,20260404,212,14.428194307473682,BLOCK-T614_triplets,i,1.04671343732122,5.92599456186641,61135.10830696605
2026040400215,20260404,215,14.429613453193785,BLOCK-T614_triplets,i,1.04671314947007,5.92599280070752,61135.11005401085
2026040400218,20260404,218,14.430900474791246,BLOCK-T614_triplets,i,1.04671248192691,5.92598196862637,61135.11182267795
2026040400221,20260404,221,14.434849358742307,BLOCK-T614_triplets,i,1.04672194781547,5.92604866896913,61135.1135977045
2026040400224,20260404,224,14.433142316706727,BLOCK-T614_triplets,i,1.04671128194685,5.9259813138044,61135.11536957145
2026040400227,20260404,227,14.434660306602611,BLOCK-T614_triplets,i,1.04671272882137,5.92597665539554,61135.1171416851
2026040400230,20260404,230,14.438646487910638,BLOCK-T614_triplets,i,1.04672004880132,5.92602971975497,61135.11891344995
2026040400233,20260404,233,14.43975916878411,BLOCK-T614_triplets,i,1.04671476825185,5.9260035051003,61135.12173961855
2026040400236,20260404,236,14.442931774482698,BLOCK-T614_triplets,i,1.04672101564688,5.92604283477134,61135.12351020865
2026040400239,20260404,239,14.441836449148926,BLOCK-T614_triplets,i,1.04671197156137,5.92598625379828,61135.12527756
2026040400242,20260404,242,14.444335690615508,BLOCK-T614_triplets,i,1.0467158481785,5.92601058900982,61135.12701982196
2026040400245,20260404,245,14.44359542700439,BLOCK-T614_triplets,i,1.04670760854322,5.92595852892915,61135.1287884254
2026040400248,20260404,248,14.446739750112867,BLOCK-T614_triplets,i,1.04671479364777,5.92599033547047,61135.13055592485
2026040400251,20260404,251,14.448733858648602,BLOCK-T614_triplets,i,1.04671605116112,5.92600493248886,61135.13231465375
2026040400254,20260404,254,14.45118068327196,BLOCK-T614_triplets,i,1.04671813722773,5.92601802276154,61135.134091087995
2026040400257,20260404,257,14.453315937076525,BLOCK-T614_triplets,i,1.04671926171266,5.92603186332373,61135.1358638804
2026040400260,20260404,260,14.455227436971283,BLOCK-T614_triplets,i,1.04672129486342,5.92603759677373,61135.1376041674
2026040400263,20260404,263,14.454553409123365,BLOCK-T614_triplets,i,1.0467148292944,5.92599712623249,61135.1393734035
2026040400266,20260404,266,14.45652235734974,BLOCK-T614_triplets,i,1.0467147270643,5.92600294347196,61135.141142409004
2026040400285,20260404,285,59.472271781514905,BLOCK-T614_triplets,i,1.04657182277443,5.92553430808767,61135.1833535013
2026040400288,20260404,288,59.4968934528417,BLOCK-T614_triplets,i,1.04664707978149,5.92600731289583,61135.18512213045
2026040400291,20260404,291,59.49720918002314,BLOCK-T614_triplets,i,1.04664201745219,5.9259755169149,61135.18691042435
2026040400294,20260404,294,59.49991524436582,BLOCK-T614_triplets,i,1.04664691923313,5.92600591865305,61135.18867144045
2026040400297,20260404,297,59.50189983803772,BLOCK-T614_triplets,i,1.04664852314676,5.92600158430205,61135.19044425285
2026040400300,20260404,300,59.503283483576254,BLOCK-T614_triplets,i,1.04664626785101,5.92600108931216,61135.19221373155
2026040400303,20260404,303,59.50476288055007,BLOCK-T614_triplets,i,1.04664657209406,5.92600963718621,61135.19398176325
2026040400306,20260404,306,59.50756335046569,BLOCK-T614_triplets,i,1.04664952831706,5.926034920637,61135.1957638111
2026040400309,20260404,309,59.50600023749293,BLOCK-T614_triplets,i,1.04663872055454,5.92595319222647,61135.1975484532
2026040400312,20260404,312,59.51021554376102,BLOCK-T614_triplets,i,1.04664752379443,5.9260087877291,61135.1993183077
2026040400315,20260404,315,59.51308402932597,BLOCK-T614_triplets,i,1.04665113001432,5.92603094090736,61135.20110660895
2026040400318,20260404,318,59.51349663194736,BLOCK-T614_triplets,i,1.04664735354945,5.92600735644785,61135.2028764866
2026040400321,20260404,321,59.51459347979331,BLOCK-T614_triplets,i,1.04664193170635,5.92597258906291,61135.20585409085
2026040400324,20260404,324,59.515505908036126,BLOCK-T614_triplets,i,1.04664030609076,5.92596261187321,61135.20762466495
2026040400327,20260404,327,59.51884503725593,BLOCK-T614_triplets,i,1.04664621050241,5.92599950128217,61135.20942006385
2026040400330,20260404,330,59.53173592721702,BLOCK-T614_triplets,i,1.04668314964538,5.92623232290461,61135.211191251205
2026040400333,20260404,333,59.52389856274616,BLOCK-T614_triplets,i,1.04665202293468,5.92603643605459,61135.21294663705
2026040400336,20260404,336,59.52363157038398,BLOCK-T614_triplets,i,1.04664449572407,5.92598916106905,61135.2147348071
2026040400339,20260404,339,59.52654348973938,BLOCK-T614_triplets,i,1.04664962537563,5.92602809927295,61135.21649568805
2026040400342,20260404,342,59.52862351816512,BLOCK-T614_triplets,i,1.04665128040431,5.92602484724746,61135.21826231705
2026040400345,20260404,345,59.52953151187734,BLOCK-T614_triplets,i,1.04664807225384,5.92601887576445,61135.220029326345
2026040400348,20260404,348,59.53115689015908,BLOCK-T614_triplets,i,1.04664961743364,5.92602148480025,61135.2218015893
2026040400351,20260404,351,59.532971304354966,BLOCK-T614_triplets,i,1.04664996120197,5.92602379205524,61135.2235774704
2026040400354,20260404,354,59.5324539640015,BLOCK-T614_triplets,i,1.04664263937506,5.92597779271992,61135.225361113495
2026040900295,20260409,295,-45.56734102168165,BLOCK-T614_triplets,i,1.21970835908845,5.48791142326866,61140.19622346875
2026040900298,20260409,298,-45.548845914273855,BLOCK-T614_triplets,i,1.21981513127135,5.48827578598245,61140.19801046114
2026040900301,20260409,301,-45.54585424906466,BLOCK-T614_triplets,i,1.21982308402514,5.48831127752571,61140.19976644835
2026040900304,20260409,304,-45.54544093711096,BLOCK-T614_triplets,i,1.21981516317785,5.48828346734474,61140.20155541505
2026040900307,20260409,307,-45.54295249932742,BLOCK-T614_triplets,i,1.21981923945304,5.48829779973642,61140.20334224915
2026040900310,20260409,310,-45.54087985006019,BLOCK-T614_triplets,i,1.21982198087278,5.48830736905952,61140.20511572995
2026040900313,20260409,313,-45.54004862015166,BLOCK-T614_triplets,i,1.21981398282191,5.48827962638415,61140.2068941186
2026040900316,20260409,316,-45.54184096209649,BLOCK-T614_triplets,i,1.21979395555737,5.48820960396653,61140.20868490565
2026040900319,20260409,319,-45.53803403340246,BLOCK-T614_triplets,i,1.21980952491539,5.48825627379097,61140.21046695365
2026040900322,20260409,322,-45.53517164008875,BLOCK-T614_triplets,i,1.21981274562529,5.4882753577466,61140.2122486731
2026040900325,20260409,325,-45.53639421631806,BLOCK-T614_triplets,i,1.21979668427914,5.48821957479685,61140.21403963615
2026040900328,20260409,328,-45.533695682540966,BLOCK-T614_triplets,i,1.21980032628419,5.48823258519202,61140.2158148099
2026040900341,20260409,341,-30.52153440563571,BLOCK-T614_triplets,i,1.21983108812485,5.48833083912753,61140.2236287648
2026040900344,20260409,344,-30.5211045709225,BLOCK-T614_triplets,i,1.21982396253909,5.48830589403352,61140.225411378095
2026040900347,20260409,347,-30.518031930778477,BLOCK-T614_triplets,i,1.21983184293761,5.48833350439554,61140.22719466265
2026040900350,20260409,350,-30.51556744519126,BLOCK-T614_triplets,i,1.21983707435753,5.48834396316264,61140.2289803264
2026040900353,20260409,353,-30.517700066297312,BLOCK-T614_triplets,i,1.21981523724158,5.48826779137321,61140.2307644362
2026040900356,20260409,356,-30.513961058000564,BLOCK-T614_triplets,i,1.21982644907619,5.48830704513655,61140.232547879205
2026040900359,20260409,359,-30.51385653802388,BLOCK-T614_triplets,i,1.21981769681283,5.4882845373562,61140.234351937004
2026040900362,20260409,362,-30.512248686758646,BLOCK-T614_triplets,i,1.21981567358956,5.48827712568882,61140.236140005
2026040900365,20260409,365,-30.548367577254634,BLOCK-T614_triplets,i,1.21958564515108,5.48747532384495,61140.23797763195
2026040900368,20260409,368,-30.508902387550382,BLOCK-T614_triplets,i,1.21981585967236,5.48827762788602,61140.23976204575
2026040900371,20260409,371,-30.50913947422724,BLOCK-T614_triplets,i,1.21980499188313,5.48823968706193,61140.2415475661
2026040900374,20260409,374,-30.505619714443128,BLOCK-T614_triplets,i,1.21981400752521,5.488271023068,61140.2433324098
2026040900387,20260409,387,29.4997965286656,BLOCK-T614_triplets,i,1.21971098484134,5.48819621293442,61140.2511643718
2026040900390,20260409,390,29.516955579567867,BLOCK-T614_triplets,i,1.21980688692628,5.48852315469261,61140.2529514269
2026040900393,20260409,393,29.522210326321943,BLOCK-T614_triplets,i,1.21983139573864,5.48861642660462,61140.25473419865
2026040900396,20260409,396,29.524527702935533,BLOCK-T614_triplets,i,1.21983316555685,5.48862245229639,61140.25652401815
2026040900399,20260409,399,29.525602033347464,BLOCK-T614_triplets,i,1.21983055587265,5.48861356196086,61140.25831030315
2026040900402,20260409,402,29.5272066864361,BLOCK-T614_triplets,i,1.21983145812024,5.48861677292027,61140.2601018445
2026040900405,20260409,405,29.529547525994417,BLOCK-T614_triplets,i,1.21983589321662,5.48863190356653,61140.261887548346
2026040900408,20260409,408,29.529546956134357,BLOCK-T614_triplets,i,1.21982587628288,5.48860506962526,61140.26368543155
2026040900411,20260409,411,29.53238911933559,BLOCK-T614_triplets,i,1.21983452239132,5.48862732696222,61140.265474271844
2026040900414,20260409,414,29.53404554155565,BLOCK-T614_triplets,i,1.2198369966922,5.48863605497977,61140.26725481575
2026040900417,20260409,417,29.53282356639788,BLOCK-T614_triplets,i,1.21981976505613,5.48857589911813,61140.269046904796
2026040900420,20260409,420,29.53511422332575,BLOCK-T614_triplets,i,1.21982368784764,5.4885895686134,61140.27083800955
2026040900479,20260409,479,-45.47733230811704,BLOCK-T614_triplets,i,1.21967273212932,5.48778819093921,61140.3063301976
2026040900482,20260409,482,-45.457265317795674,BLOCK-T614_triplets,i,1.21978919834844,5.48819394801739,61140.30812058605
2026040900485,20260409,485,-45.45509252687025,BLOCK-T614_triplets,i,1.21979553162784,5.48821602887231,61140.3099102743
2026040900488,20260409,488,-45.45275945179912,BLOCK-T614_triplets,i,1.21980308525019,5.48824233012997,61140.3116882133
2026040900491,20260409,491,-45.45133859139851,BLOCK-T614_triplets,i,1.21980473450707,5.48824029596157,61140.313479075005
2026040900494,20260409,494,-45.45320452095993,BLOCK-T614_triplets,i,1.21978632071425,5.48818368748905,61140.31526359735
2026040900497,20260409,497,-45.451374149138566,BLOCK-T614_triplets,i,1.21978858515254,5.48819181610746,61140.31706820185
2026040900500,20260409,500,-45.44836467550481,BLOCK-T614_triplets,i,1.21980112676342,5.4882353556401,61140.31882841095
2026040900503,20260409,503,-45.44896164657888,BLOCK-T614_triplets,i,1.21978856261943,5.48818369941768,61140.32061046685
2026040900506,20260409,506,-45.44704989011023,BLOCK-T614_triplets,i,1.21979444389772,5.48821194180429,61140.32240984475
2026040900509,20260409,509,-45.44786477237808,BLOCK-T614_triplets,i,1.21978138005448,5.48816639708654,61140.32420463625
2026040900512,20260409,512,-45.44405213961073,BLOCK-T614_triplets,i,1.21979898057776,5.48822763001277,61140.32600275015
2026040900525,20260409,525,-30.450945045752327,BLOCK-T614_triplets,i,1.21972330356845,5.48795507412873,61140.33370388525
2026040900528,20260409,528,-30.435136769372892,BLOCK-T614_triplets,i,1.21981653377229,5.48828012809958,61140.335498038505
2026040900531,20260409,531,-30.436168517964248,BLOCK-T614_triplets,i,1.21980674600204,5.48824590457529,61140.33729617325
2026040900534,20260409,534,-30.436199772947536,BLOCK-T614_triplets,i,1.21979865412482,5.48821758998098,61140.33910357845
2026040900537,20260409,537,-30.433111853395953,BLOCK-T614_triplets,i,1.21981079424938,5.48825984328371,61140.34089806525
2026040900540,20260409,540,-30.43157132229234,BLOCK-T614_triplets,i,1.21981769653578,5.48826834276877,61140.342695795756
2026040900543,20260409,543,-30.430311417568756,BLOCK-T614_triplets,i,1.21980755248395,5.48824853993502,61140.34716784495
2026040900546,20260409,546,-30.43152030282154,BLOCK-T614_triplets,i,1.21979393066937,5.48820103003836,61140.348956321206
2026040900549,20260409,549,-30.425838812069586,BLOCK-T614_triplets,i,1.21982386889743,5.48830534556714,61140.3507501262
2026040900552,20260409,552,-30.427524163612265,BLOCK-T614_triplets,i,1.21980850326082,5.48825148274117,61140.352542053
2026040900555,20260409,555,-30.42527568098728,BLOCK-T614_triplets,i,1.21981855182402,5.48828674534726,61140.35433522635
2026040900558,20260409,558,-30.42510358114933,BLOCK-T614_triplets,i,1.21981266943755,5.488258158495,61140.356126403
2026040900571,20260409,571,29.56850133902832,BLOCK-T614_triplets,i,1.21965611641344,5.4880051583352,61140.36396950305
2026040900574,20260409,574,29.560472407123317,BLOCK-T614_triplets,i,1.21960214644682,5.48781719552472,61140.3658208781
2026040900577,20260409,577,29.595979510375486,BLOCK-T614_triplets,i,1.21981419591672,5.48855664012579,61140.367603465595
2026040900580,20260409,580,29.58941025650472,BLOCK-T614_triplets,i,1.21977018050225,5.48841881941126,61140.3694025602
2026040900583,20260409,583,29.598706944712617,BLOCK-T614_triplets,i,1.21982366355991,5.4885896417461,61140.37120796475
2026040900586,20260409,586,29.599862560604443,BLOCK-T614_triplets,i,1.21982545544948,5.48859617593661,61140.3730069082
2026040900589,20260409,589,29.594602575468965,BLOCK-T614_triplets,i,1.21978739445353,5.4884631505693,61140.374799415295
2026040900592,20260409,592,29.601104311346,BLOCK-T614_triplets,i,1.21982480697635,5.488593189617,61140.376583632344
2026040900595,20260409,595,29.599662338040034,BLOCK-T614_triplets,i,1.21981467442193,5.48855757053954,61140.37837270425
2026040900598,20260409,598,29.603152160686385,BLOCK-T614_triplets,i,1.2198293477659,5.48860915403392,61140.3801514549
2026040900601,20260409,601,29.60307401572091,BLOCK-T614_triplets,i,1.21982789410374,5.488603865489,61140.3819337003
2026040900604,20260409,604,29.603685434861724,BLOCK-T614_triplets,i,1.21982669116852,5.48859949656617,61140.3837222605
2026040900617,20260409,617,44.59545245487593,BLOCK-T614_triplets,i,1.21972493061544,5.48837122503139,61140.391252650006
2026040900620,20260409,620,44.609490144243345,BLOCK-T614_triplets,i,1.21980650524877,5.48865604763095,61140.393033699555
2026040900623,20260409,623,44.61011250284531,BLOCK-T614_triplets,i,1.21980373206106,5.48864645103968,61140.39482418985
2026040900626,20260409,626,44.611932529078665,BLOCK-T614_triplets,i,1.21981259167987,5.48867739939423,61140.396609956646
2026040900629,20260409,629,44.60988866542663,BLOCK-T614_triplets,i,1.21979804790124,5.48862635399854,61140.3983959835
2026040900632,20260409,632,44.6133365373053,BLOCK-T614_triplets,i,1.21981518312519,5.48869326851703,61140.4001759584
2026040900635,20260409,635,44.610313176951344,BLOCK-T614_triplets,i,1.21979582372703,5.48862580614881,61140.40195921965
2026040900638,20260409,638,44.61371867060506,BLOCK-T614_triplets,i,1.21981503121145,5.4886847811533,61140.40373435025
2026040900641,20260409,641,44.61371071908789,BLOCK-T614_triplets,i,1.21981215251525,5.48867364050801,61140.405509574906
2026040900644,20260409,644,44.61257519370883,BLOCK-T614_triplets,i,1.21980261995086,5.48864821165901,61140.4072887531
2026040900647,20260409,647,44.613035165410125,BLOCK-T614_triplets,i,1.21980521111913,5.48864953970655,61140.409090049245
2026040900650,20260409,650,44.61451417921079,BLOCK-T614_triplets,i,1.21981311354284,5.48867692417617,61140.41088354265
2026041800227,20260418,227,15.154766253146052,BLOCK-T614_triplets,i,0.702989999282522,1.56859464838492,61149.2868056206
2026041800230,20260418,230,15.154115137838243,BLOCK-T614_triplets,i,0.702724161126666,1.56875008404157,61149.28856794805
2026041800233,20260418,233,15.153402829516445,BLOCK-T614_triplets,i,0.702732181479764,1.56874356937238,61149.290329012845
2026041800236,20260418,236,15.152699658565407,BLOCK-T614_triplets,i,0.70272114898648,1.56875188879104,61149.292081589345
2026041800239,20260418,239,15.151947156293982,BLOCK-T614_triplets,i,0.702721586535002,1.56874966675156,61149.293850464746
2026041800242,20260418,242,15.151199287556022,BLOCK-T614_triplets,i,0.702721334653703,1.56874986745699,61149.2955930244
2026041800245,20260418,245,15.150437264634785,BLOCK-T614_triplets,i,0.702729196767165,1.56874530044956,61149.297354489245
2026041800248,20260418,248,15.149626775027762,BLOCK-T614_triplets,i,0.702723253338149,1.56875060130853,61149.2991263136
2026041800251,20260418,251,15.148821138704372,BLOCK-T614_triplets,i,0.702746720964177,1.56873871050861,61149.30087278645
2026041800254,20260418,254,15.147996514360338,BLOCK-T614_triplets,i,0.702718926289847,1.56875311622571,61149.3026300852
2026041800257,20260418,257,15.14716490278929,BLOCK-T614_triplets,i,0.702724168376045,1.5687500961051,61149.304393972096
2026041800260,20260418,260,15.146305043554955,BLOCK-T614_triplets,i,0.702715719432255,1.56875497971259,61149.3061552189
2026041800356,20260418,356,0.18247215918833476,BLOCK-T720,i,1.22659961312464,1.5689302424264,61149.380183488596
2026041800359,20260418,359,0.09359809767714287,BLOCK-T720,i,0.702729629144156,1.56870985270883,61149.38215349595
2026041800362,20260418,362,0.1808352613002541,BLOCK-T720,i,1.22641223703262,1.56904046596014,61149.38408072649
2026041800365,20260418,365,0.09024900811576693,BLOCK-T720,i,0.702731297147837,1.56870703849677,61149.386026500695
2026041800368,20260418,368,0.17893421116815883,BLOCK-T720,i,1.22641209384584,1.56903877323187,61149.3879467817
2026041800371,20260418,371,0.08704723132991585,BLOCK-T720,i,0.702726902546401,1.56871141266125,61149.389865629
2026041800374,20260418,374,0.1769305304209238,BLOCK-T720,i,1.22641657543983,1.56903790169043,61149.39177285725
2026041800377,20260418,377,0.08369877755828654,BLOCK-T720,i,0.70272689432736,1.5687095999144,61149.3936853149
2026041800380,20260418,380,0.1748382148473264,BLOCK-T720,i,1.22647478647803,1.56900370277497,61149.3956209913
2026041800383,20260418,383,0.0803155878371725,BLOCK-T720,i,0.702733728783587,1.56870560650249,61149.39754863555
2026041800386,20260418,386,0.17266335499295765,BLOCK-T720,i,1.22648405469403,1.56899824902143,61149.3994829361
2026041800389,20260418,389,0.07690681426764036,BLOCK-T720,i,0.702717349157366,1.56871512635743,61149.40142272755
2026041900273,20260419,273,-0.7737917994198451,BLOCK-T720,i,1.22258109883183,6.2702215260454,61150.160322563344
2026041900276,20260419,276,-0.31816812524746607,BLOCK-T720,i,0.698903399188719,6.27779973047784,61150.16226229945
2026041900279,20260419,279,-0.7470986564565548,BLOCK-T720,i,1.22258298233139,6.27067732310354,61150.164193209755
2026041900282,20260419,282,-0.3142699899086767,BLOCK-T720,i,0.698903735800026,6.27780039233366,61150.16612425355
2026041900285,20260419,285,-0.7411234914592887,BLOCK-T720,i,1.22258306558382,6.27072412799706,61150.16806481015
2026041900288,20260419,288,-0.31071596970127824,BLOCK-T720,i,0.698903847865271,6.27780028626714,61150.17000024605
2026041900291,20260419,291,-0.7400630638195528,BLOCK-T720,i,1.22258310049165,6.27068378618479,61150.171950199394
2026041900294,20260419,294,-0.30641450655373026,BLOCK-T720,i,0.698903682560952,6.27781531930678,61150.173880286
2026041900297,20260419,297,-0.7378349873621864,BLOCK-T720,i,1.22258286897326,6.27065748109224,61150.1758113391
2026041900300,20260419,300,-0.303548527328816,BLOCK-T720,i,0.698903704539962,6.27779951547347,61150.177754472854
2026041900303,20260419,303,-0.7298591956867811,BLOCK-T720,i,1.22258307652715,6.27074173704233,61150.17968593
2026041900306,20260419,306,-0.30035738844423077,BLOCK-T720,i,0.698903671709971,6.27779343491771,61150.18161605965
2026041900323,20260419,323,-0.7436766440024231,BLOCK-T720,i,1.22258104189881,6.27019533384123,61150.195435102156
2026041900326,20260419,326,-0.28607555112785266,BLOCK-T720,i,0.698903708603309,6.27779380038854,61150.19736642245
2026041900329,20260419,329,-0.716797577487997,BLOCK-T720,i,1.22258291625584,6.27067271466388,61150.19930338955
2026041900332,20260419,332,-0.28262140499355914,BLOCK-T720,i,0.698903645205871,6.27779338552664,61150.201236137946
2026041900335,20260419,335,-0.7134955812647661,BLOCK-T720,i,1.22258285923047,6.27067136414657,61150.2031729185
2026041900338,20260419,338,-0.27914948521238986,BLOCK-T720,i,0.69890394797135,6.27780441052782,61150.205114094395
2026041900341,20260419,341,-0.7134629044991248,BLOCK-T720,i,1.22258236345603,6.27059657530721,61150.207054304556
2026041900344,20260419,344,-0.27698972622266776,BLOCK-T720,i,0.698903841123809,6.27777692600418,61150.2090032848
2026041900347,20260419,347,-0.7057140018949382,BLOCK-T720,i,1.22258314754336,6.27069460891959,61150.2109499685
2026041900350,20260419,350,-0.27387713705112043,BLOCK-T720,i,0.69890391948175,6.27778175891018,61150.21289619175
2026041900353,20260419,353,-0.7024566552968814,BLOCK-T720,i,1.22258296206083,6.27070588843031,61150.2148300658
2026041900356,20260419,356,-0.26949734080524956,BLOCK-T720,i,0.698903835536709,6.27779826612789,61150.21677141905
2026042000016,20260420,16,-0.658675335177387,BLOCK-T724,i,1.22543042238191,0.775646362759329,61150.9704967044
2026042000019,20260420,19,59.383659111644874,BLOCK-T724,i,1.22524528533226,0.77646334756971,61150.972469214656
2026042000022,20260420,22,-0.632475902669147,BLOCK-T724,i,1.22529580875002,0.776139158318443,61150.9744456991
2026042000025,20260420,25,59.38206936423561,BLOCK-T724,i,1.22527271656796,0.776371323056943,61150.9764157286
2026042000028,20260420,28,-0.6289131055180888,BLOCK-T724,i,1.22529529487523,0.776148585924029,61150.97836315065
2026042000031,20260420,31,59.37159243659077,BLOCK-T724,i,1.22534798040883,0.776086913450014,61150.9803634288
2026042000034,20260420,34,-0.6265317888221197,BLOCK-T724,i,1.2252956151408,0.776147410308548,61150.98233475665
2026042000037,20260420,37,59.393130452106824,BLOCK-T724,i,1.2252430756568,0.77647101301431,61150.9843078883
2026042000040,20260420,40,-0.623213798221325,BLOCK-T724,i,1.22529364820412,0.776146708138213,61150.98626638425
2026042000043,20260420,43,59.394381517980946,BLOCK-T724,i,1.22525658185071,0.776421450873236,61150.9882444787
2026042000046,20260420,46,-0.6217289136754973,BLOCK-T724,i,1.22530419147974,0.776108044716734,61150.990226194495
2026042000049,20260420,49,59.39972978186841,BLOCK-T724,i,1.22524076439769,0.776471525174505,61150.992199444
2026042000062,20260420,62,-0.6292977689484945,BLOCK-T724,i,1.22541989023432,0.77568506666877,61151.00410092075
2026042000065,20260420,65,59.40700051354995,BLOCK-T724,i,1.22526907668694,0.776376504976503,61151.0060787212
2026042000068,20260420,68,-0.6053397531716495,BLOCK-T724,i,1.22529851761681,0.776129579803181,61151.00805335745
2026042000071,20260420,71,59.41398353818881,BLOCK-T724,i,1.22524922460803,0.776448894195899,61151.0100317604
2026042000074,20260420,74,-0.6013323357608257,BLOCK-T724,i,1.22529622902932,0.776138131685558,61151.0120066744
2026042000077,20260420,77,59.41149983981374,BLOCK-T724,i,1.22528270464271,0.776327442989912,61151.013986313104
2026042000080,20260420,80,-0.6007968516409106,BLOCK-T724,i,1.22531193293952,0.776081203028615,61151.0159592052
2026042000083,20260420,83,59.41209770183104,BLOCK-T724,i,1.22529740767681,0.776273510692681,61151.01794827795
2026042000086,20260420,86,-0.5949088189861383,BLOCK-T724,i,1.22529908149847,0.776136300592904,61151.01991740435
2026042000089,20260420,89,59.42715552777228,BLOCK-T724,i,1.22523210300553,0.77651211043486,61151.02189191415
2026042000092,20260420,92,-0.5921900377991111,BLOCK-T724,i,1.22530495589677,0.77610709539832,61151.0238713792
2026042000095,20260420,95,59.420432662035665,BLOCK-T724,i,1.22529312333982,0.776289344492092,61151.02585444445
2026042300021,20260423,21,0.6920575104306458,BLOCK-T710_v2,i,1.24149324113592,2.69652056894428,61153.9755377383
2026042300024,20260423,24,2.143207713473058,BLOCK-T710_v2,i,1.24529172749791,2.71521151623241,61153.9771886467
2026042300027,20260423,27,3.6347664749489246,BLOCK-T710_v2,i,1.24896148109073,2.73454995965144,61153.97885285315
2026042300030,20260423,30,5.159631190748807,BLOCK-T710_v2,i,1.25247917415059,2.75445794866523,61153.980520010795
2026042300033,20260423,33,6.699432953089917,BLOCK-T710_v2,i,1.25579905108875,2.7746893575241,61153.982176542704
2026042300036,20260423,36,8.271376035174335,BLOCK-T710_v2,i,1.25895551177993,2.79546340440915,61153.9838350434
2026042300039,20260423,39,9.873557282436614,BLOCK-T710_v2,i,1.26194061875405,2.81676418425108,61153.985498421156
2026042300042,20260423,42,11.474475483019733,BLOCK-T710_v2,i,1.26469300079764,2.83813649246627,61153.9871326574
2026042300045,20260423,45,13.128951281718814,BLOCK-T710_v2,i,1.26731046057972,2.86036565895287,61153.988797895654
2026042300048,20260423,48,0.6989886553672123,BLOCK-T710_v2,i,1.24139151650652,2.69637633146269,61153.99102013055
2026042300051,20260423,51,2.164241936319595,BLOCK-T710_v2,i,1.24522776516233,2.71524350558945,61153.9926863985
2026042300054,20260423,54,3.6387923091530525,BLOCK-T710_v2,i,1.248856065927,2.73435221654753,61153.99433308495
2026042300057,20260423,57,5.154271332743972,BLOCK-T710_v2,i,1.25235640240288,2.75413768116417,61153.9959922591
2026042300060,20260423,60,6.675137730672856,BLOCK-T710_v2,i,1.255641666233,2.77411916162959,61153.9976281649
2026042300063,20260423,63,8.247149921758286,BLOCK-T710_v2,i,1.25880514187609,2.7948887004823,61153.9992882425
2026042300066,20260423,66,9.83012134001201,BLOCK-T710_v2,i,1.26176192196986,2.81592342488754,61154.00093173115
2026042300069,20260423,69,11.459477347248066,BLOCK-T710_v2,i,1.26457346619792,2.83769239359636,61154.0025953438
2026042300072,20260423,72,13.083021986198812,BLOCK-T710_v2,i,1.26718174235549,2.85978962300227,61154.004253686
2026042300091,20260423,91,1.5779300049137748,BLOCK-T710_v2,i,1.24362797628844,2.70680466318561,61154.0406968202
2026042300094,20260423,94,3.0553726526423723,BLOCK-T710_v2,i,1.24736427378083,2.72589760767007,61154.04235872715
2026042300097,20260423,97,4.553791101515472,BLOCK-T710_v2,i,1.25092471998585,2.74540890229928,61154.0440127311
2026042300100,20260423,100,6.091459763738267,BLOCK-T710_v2,i,1.25434193156942,2.76554512370885,61154.0456789609
2026042300103,20260423,103,7.630375093056924,BLOCK-T710_v2,i,1.25753583225717,2.7858353551851,61154.04731644345
2026042300106,20260423,106,9.205889647040797,BLOCK-T710_v2,i,1.26057700440705,2.80672726154488,61154.04896416615
2026042300109,20260423,109,10.800675122729166,BLOCK-T710_v2,i,1.26342666684114,2.82798089716012,61154.050604817545
2026042300112,20260423,112,12.42618302236978,BLOCK-T710_v2,i,1.26610394134418,2.84976000498477,61154.05225118305
2026042300115,20260423,115,14.081851665746289,BLOCK-T710_v2,i,1.26860090448312,2.87204260463548,61154.0539050476
2026043000041,20260430,41,0.7035719120754657,BLOCK-T710_v2,i,1.22427354470437,2.69562265607974,61161.0135924962
2026043000044,20260430,44,0.7119980923957917,BLOCK-T710_v2,i,1.22428798357479,2.69568612532512,61161.01540571025
2026043000047,20260430,47,0.715392375435932,BLOCK-T710_v2,i,1.22429143483343,2.6957012446016,61161.01723129855
2026043000050,20260430,50,0.7166007423183416,BLOCK-T710_v2,i,1.22428940616159,2.69569238122592,61161.01904154765
2026043000053,20260430,53,0.7156865570530121,BLOCK-T710_v2,i,1.22427857877495,2.69563872822048,61161.02086842075
2026043000056,20260430,56,0.7145094117584727,BLOCK-T710_v2,i,1.22426859651817,2.6956001265812,61161.0226502347
2026043000059,20260430,59,0.7180882558708015,BLOCK-T710_v2,i,1.22427037931139,2.69560867724952,61161.024468370844
2026043000062,20260430,62,0.719034225558891,BLOCK-T710_v2,i,1.22426766619655,2.69559622555353,61161.0262716386
2026043000065,20260430,65,0.7262128012146326,BLOCK-T710_v2,i,1.22428127863773,2.69565648025512,61161.02807375755
2026043000068,20260430,68,0.7291898495414466,BLOCK-T710_v2,i,1.22428164406186,2.69565216773795,61161.030234519
2026043000071,20260430,71,0.7352676250799178,BLOCK-T710_v2,i,1.22429041461027,2.69569742316235,61161.0320338183
2026043000074,20260430,74,0.7363328814264123,BLOCK-T710_v2,i,1.22428742537259,2.69568336360672,61161.0338466897
2026043000077,20260430,77,0.7312133980459385,BLOCK-T710_v2,i,1.2242652174301,2.69558559431271,61161.03562458395
2026043000080,20260430,80,0.7340947993502548,BLOCK-T710_v2,i,1.22426525769417,2.69558564890691,61161.03742249455
2026043000083,20260430,83,0.7414973514349387,BLOCK-T710_v2,i,1.22428066114761,2.69565374773201,61161.039241309
2026043000086,20260430,86,0.7336778327323478,BLOCK-T710_v2,i,1.22425029585261,2.69551899776252,61161.04101284625
2026043000089,20260430,89,0.749410477130113,BLOCK-T710_v2,i,1.22429203237622,2.69569771906557,61161.04282404365
2026043000092,20260430,92,0.7486786814886929,BLOCK-T710_v2,i,1.22428150826297,2.6956511422035,61161.04462012765
2026043000105,20260430,105,0.7568130728304485,BLOCK-T710_v2,i,1.22427641084114,2.69562886771552,61161.0514559696
2026043000108,20260430,108,0.7560855991361247,BLOCK-T710_v2,i,1.22426661489803,2.69559148244948,61161.053240420006
2026043000111,20260430,111,0.7529311464432447,BLOCK-T710_v2,i,1.22425128162967,2.69552357928087,61161.05504297585
2026043000114,20260430,114,0.7617539796831534,BLOCK-T710_v2,i,1.22426744562149,2.69559446930867,61161.05684449525
2026043000117,20260430,117,0.7609598677200572,BLOCK-T710_v2,i,1.22425878570691,2.69555637678482,61161.058640896095
2026043000120,20260430,120,0.7657147598148637,BLOCK-T710_v2,i,1.22426517402618,2.69558482860654,61161.06044679325
2026043000122,20260430,122,0.8431444510220596,BLOCK-T710_v2,i,1.22443770604164,2.69634650487507,61161.07249101785
2026043000125,20260430,125,0.7900524491085763,BLOCK-T710_v2,i,1.22427921078414,2.69564502349077,61161.0743023321
2026043000128,20260430,128,0.7891018189664983,BLOCK-T710_v2,i,1.22426889764169,2.69561149346496,61161.076100955805
2026043000131,20260430,131,0.7930706736804485,BLOCK-T710_v2,i,1.22427305001227,2.69562416149502,61161.07791108765
2026043000134,20260430,134,0.7883549689007797,BLOCK-T710_v2,i,1.22425356631265,2.69553146048063,61161.0796855948
2026051300021,20260513,21,-0.8708357536186924,BLOCK-T724,i,1.22258279317892,6.27067147998145,61173.96234878035
2026051300024,20260513,24,59.157623319496935,BLOCK-T724,i,1.22253849988697,6.27119863332454,61173.96434744875
2026051300027,20260513,27,-0.8658803320621227,BLOCK-T724,i,1.22258307927545,6.27072627021494,61173.966332366195
2026051300030,20260513,30,59.15906188208917,BLOCK-T724,i,1.22253828947027,6.27114437947465,61173.9683233688
2026051300033,20260513,33,-0.8727519514022769,BLOCK-T724,i,1.22258224675118,6.27050157385778,61173.97033930005
2026051300036,20260513,36,59.1588472827965,BLOCK-T724,i,1.22253813132298,6.27109396286607,61173.972319054155
2026051300039,20260513,39,-0.8677623589312763,BLOCK-T724,i,1.22258231467372,6.27054529852505,61173.974319392
2026051300042,20260513,42,59.17490264591484,BLOCK-T724,i,1.22253902641354,6.27134108541098,61173.976296317196
2026051300045,20260513,45,-0.8573012352276757,BLOCK-T724,i,1.22258290736819,6.27067509688037,61173.9782925465
2026051300048,20260513,48,59.17066210191063,BLOCK-T724,i,1.22253841215562,6.27118132110749,61173.98030249525
2026051300051,20260513,51,-0.8513348152125711,BLOCK-T724,i,1.22258318570742,6.27074488105303,61173.98230612785
2026051300054,20260513,54,59.16977260478066,BLOCK-T724,i,1.22253815431783,6.27110246691831,61173.984307304054
2026051300057,20260513,57,-0.8477632137364493,BLOCK-T724,i,1.22258303106938,6.27071833389989,61173.98800702015
2026051300060,20260513,60,59.17423376017045,BLOCK-T724,i,1.22253806284636,6.27108881829334,61173.9899964075
2026051300081,20260513,81,-0.8304271900862794,BLOCK-T724,i,1.22258323400583,6.27076280596606,61174.004625062706
2026051300084,20260513,84,59.1937525141062,BLOCK-T724,i,1.22253843505812,6.27118910283213,61174.006614141894
2026051300087,20260513,87,-0.8286335628038698,BLOCK-T724,i,1.22258308777153,6.2707420241754,61174.00861750965
2026051300090,20260513,90,59.195875415375276,BLOCK-T724,i,1.22253824020219,6.27115663472406,61174.010610861646
2026051300093,20260513,93,-0.82633000282231,BLOCK-T724,i,1.22258300807454,6.27069896070875,61174.0126136249
2026051300096,20260513,96,59.19164962799574,BLOCK-T724,i,1.22253761199961,6.27100047460075,61174.0146222577
2026051300099,20260513,99,-0.8203302277762384,BLOCK-T724,i,1.22258320283811,6.27074454398736,61174.01660865515
2026051300102,20260513,102,59.1933289006677,BLOCK-T724,i,1.222537561531,6.27096408020097,61174.018627075
2026051300105,20260513,105,-0.8156466200024445,BLOCK-T724,i,1.22258319050955,6.27078530199122,61174.0206147847
2026051300108,20260513,108,59.19392260099062,BLOCK-T724,i,1.22253720160163,6.27088700686546,61174.022610762695
2026051300111,20260513,111,-0.8149151359299412,BLOCK-T724,i,1.2225830243741,6.27071243200377,61174.024603238606
2026051300114,20260513,114,59.20270688434541,BLOCK-T724,i,1.22253766925586,6.27101278332663,61174.02660830445
2026051300127,20260513,127,-0.8019775328263434,BLOCK-T724,i,1.22258315578641,6.27074412978068,61174.0375498279
2026051300130,20260513,130,-0.7949329830161861,BLOCK-T724,i,1.2225830602516,6.27069084656811,61174.04647101865
2026051300133,20260513,133,59.217689355895075,BLOCK-T724,i,1.22253727289489,6.27089550990174,61174.0484811076
2026051300136,20260513,136,-0.7882615337997805,BLOCK-T724,i,1.22258309732963,6.27076053783621,61174.05045900565
2026051300139,20260513,139,59.22695489432138,BLOCK-T724,i,1.22253768176912,6.27099091603616,61174.05245046095
2026051300142,20260513,142,-0.7877578316528242,BLOCK-T724,i,1.22258291101597,6.27069712208661,61174.054455300604
2026051300145,20260513,145,59.22880739036247,BLOCK-T724,i,1.22253746839726,6.27095932952889,61174.05646758735
2026051300148,20260513,148,-0.783463010687076,BLOCK-T724,i,1.22258298244775,6.2707071696918,61174.0584803583
2026051300151,20260513,151,59.23016969203212,BLOCK-T724,i,1.22253719476782,6.2709060123943,61174.06048721725
2026051300154,20260513,154,-0.7588972239871304,BLOCK-T724,i,1.22258472289905,6.27113656025442,61174.06246889655
2026051300157,20260513,157,59.23525145537397,BLOCK-T724,i,1.22253740195231,6.27093005673232,61174.0644729214
2026051300160,20260513,160,-0.7746096647150106,BLOCK-T724,i,1.22258311293658,6.27072372420008,61174.066478205204
2026051300163,20260513,163,59.23789687518349,BLOCK-T724,i,1.22253720575732,6.27091034716927,61174.06849711755
2026051300176,20260513,176,-0.7666704137391752,BLOCK-T720,i,1.22258254360634,6.27059311938081,61174.081333018796
2026051300179,20260513,179,-0.33086528239334784,BLOCK-T720,i,0.698903722710508,6.27779391168091,61174.08330009025
2026051300182,20260513,182,-0.7620689154113595,BLOCK-T720,i,1.22258245878399,6.27061102049441,61174.0852722418
2026051300185,20260513,185,-0.32909119274504783,BLOCK-T720,i,0.698903520882248,6.27775026215052,61174.0872390253
2026051300189,20260513,189,-0.7461832222166478,BLOCK-T720,i,1.2225831402635,6.27072839276503,61174.09713806145
2026051300192,20260513,192,-0.31532384959039395,BLOCK-T720,i,0.698903772801411,6.27779872020973,61174.0990961536
2026051300195,20260513,195,-0.7439404466498374,BLOCK-T720,i,1.22258299407539,6.27070524157104,61174.101076060106
2026051300198,20260513,198,-0.3126128107606656,BLOCK-T720,i,0.698903709173101,6.27778152028365,61174.10303887185
2026051300201,20260513,201,-0.744013134643394,BLOCK-T720,i,1.22258266443641,6.2706305475055,61174.105016140544
2026051300204,20260513,204,-0.3103871460698539,BLOCK-T720,i,0.69890358833472,6.27775927327585,61174.10697034965
2026051300207,20260513,207,-0.7425993878836248,BLOCK-T720,i,1.22258264730571,6.27057106255696,61174.108956489654
2026051300210,20260513,210,-0.30630485945962577,BLOCK-T720,i,0.698903678190084,6.27775813267542,61174.1109331832
2026051300213,20260513,213,-0.7346159236019133,BLOCK-T720,i,1.22258287337553,6.27067399833462,61174.11292640795
2026051300216,20260513,216,-0.30097751738172507,BLOCK-T720,i,0.698903764628543,6.27778952855588,61174.1148852314
2026051300219,20260513,219,-0.7329927269141314,BLOCK-T720,i,1.22258272497104,6.27063054939405,61174.116855963104
2026051300222,20260513,222,-0.2976073899973392,BLOCK-T720,i,0.698903789655064,6.27778681925409,61174.11882942406
2026070900037,20260709,37,1.0741338727597771,BLOCK-T720,i,1.22419021774369,2.73201477232324,61231.02873690885
2026070900050,20260709,50,-0.6848105861142922,BLOCK-T720,i,1.22228405666935,6.27038668279353,61231.04019926535
2026070900053,20260709,53,-0.4307343128093253,BLOCK-T720,i,1.04772396311834,6.2743149344463,61231.042017055704
2026070900056,20260709,56,-0.6849175263319127,BLOCK-T720,i,1.22228387949821,6.27034118498093,61231.04387776975
2026070900059,20260709,59,-0.42855008057638805,BLOCK-T720,i,1.04772397734006,6.27431727209135,61231.0457508728
2026070900062,20260709,62,-0.6754697075270999,BLOCK-T720,i,1.22228445483112,6.27048842451354,61231.0476635867
2026070900065,20260709,65,-0.42897222531886675,BLOCK-T720,i,1.04772378239178,6.27426479223471,61231.0495740579
2026070900068,20260709,68,-0.6731909445219492,BLOCK-T720,i,1.2222844445804,6.27049541295549,61231.0514609746
2026070900071,20260709,71,-0.42436543081541933,BLOCK-T720,i,1.04772394640321,6.27432643763325,61231.0533370239
2026070900074,20260709,74,-0.6746302810032173,BLOCK-T720,i,1.222284162224,6.2704138971983,61231.05522593745
2026070900077,20260709,77,-0.4247024241756004,BLOCK-T720,i,1.04772378151446,6.27427958577678,61231.0570666033
2026070900080,20260709,80,-0.6714525264214957,BLOCK-T720,i,1.22228429359014,6.27046198304152,61231.0589689907
2026070900083,20260709,83,-0.42388700184897626,BLOCK-T720,i,1.04772368168543,6.27424846429331,61231.0608256206
